target_id,persona_name,S+C+_subject,S+C+_body,S+C-_subject,S+C-_body,S-C+_subject,S-C+_body,S-C-_subject,S-C-_body
per-076,Dr. Alice Zhang,Collaboration Opportunity: Enhancing Network Intrusion Detection via Adaptive Adversarial Training,"Dear Dr. Zhang,

I hope this message finds you well. I am writing to express my admiration for your recent publication, ""Adaptive Adversarial Training for Robust Network Intrusion Detection,"" featured in the Journal of Cybersecurity Research. Your innovative approach to leveraging machine learning techniques to fortify network defenses is truly groundbreaking.

Given your esteemed recognition by the National Science Foundation of China Outstanding Young Scientist Award, your expertise aligns perfectly with our ongoing project at the Cybersecurity Innovation Lab, where we aim to develop next-generation intrusion detection systems resilient to evolving adversarial threats.

We believe that a collaboration between your team at Tsinghua University and our researchers at the Massachusetts Institute of Technology could accelerate advancements in this critical domain. Specifically, integrating your adaptive adversarial training methodologies with our anomaly detection frameworks could yield significant improvements.

Would you be available for a virtual meeting next week to discuss potential joint research initiatives? We are eager to explore how our combined efforts can contribute to the global cybersecurity community.

Thank you for considering this opportunity. I look forward to your positive response.

Best regards,

Dr. Michael Thompson
Director, Cybersecurity Innovation Lab
Massachusetts Institute of Technology
mthompson@mit.edu
+1 (617) 555-1234",Invitation to Present at IWECST 2024 on Emerging Computer Science Trends,"Dear Dr. Zhang,

I hope this message finds you well. On behalf of the International Workshop on Emerging Computer Science Trends (IWECST 2024), we are pleased to invite you to participate as a distinguished speaker at our upcoming event scheduled for October 15-17, 2024, in Beijing, China. IWECST 2024 aims to bring together leading experts from institutions such as the Massachusetts Institute of Technology, Stanford University, the University of Cambridge, and the National University of Singapore to discuss cutting-edge developments in computer science.

Given your esteemed position at Tsinghua University and your recognition by the National Science Foundation of China Outstanding Young Scientist Award, we believe your insights would greatly enrich the workshop’s discourse. The event will also feature keynote addresses from renowned researchers affiliated with the European Research Council and the IEEE Computer Society.

We would be honored to have you contribute to sessions focusing on innovative methodologies and future directions in computer science research. Please let us know your availability and any requirements you may have.

Thank you for considering this invitation. We look forward to your positive response.

Sincerely,

Dr. Michael Thompson
Program Chair, IWECST 2024
University of California, Berkeley",Inquiry on Adaptive Adversarial Training Techniques,"Dear Dr. Zhang,

I am impressed by your work on adaptive adversarial training in network intrusion detection. Could you share insights on how your methods might be applied to emerging cybersecurity threats? I am keen to understand potential extensions of your research.

Best regards,

[Your Name]",Invitation to Present at IWECST 2024,"Dear Dr.,
We invite you to present your recent work on adaptive adversarial training at the International Workshop on Emerging Computer Science Trends (IWECST 2024). Your expertise would greatly enrich the discussions.
Best regards."
per-077,Dr. Samuel Johnson,Collaboration Opportunity: Advancing Kernel Isolation Techniques with DARPA Support,"Dear Dr. Johnson,

I hope this message finds you well. I am reaching out to commend your recent publication, ""Enhancing Kernel Isolation with Hardware-Assisted Security Mechanisms,"" which offers significant advancements in operating systems security. Your innovative approach to leveraging hardware features to strengthen kernel isolation aligns closely with ongoing initiatives supported by the DARPA Cybersecurity Challenge Grant.

At the Massachusetts Institute of Technology, your work alongside colleagues such as Dr. Emily Chen and Prof. Robert Lee has set a new benchmark in the field. Given DARPA's commitment to pioneering resilient cybersecurity frameworks, I believe a collaborative effort could accelerate the development and deployment of these critical security mechanisms.

I would appreciate the opportunity to discuss potential joint research endeavors, funding avenues, and integration strategies with you and your team. Please let me know a convenient time for a meeting or call.

Thank you for your contributions to this vital area of research. I look forward to your response.

Best regards,

[Your Name]
[Your Position]
[Your Institution]
[Your Contact Information]",Manuscript Review Invitation for International Journal of Advanced Research Studies,"Dear Dr. Johnson,

I hope this message finds you well. I am writing to invite you to serve as a reviewer for an upcoming manuscript submission to the International Journal of Advanced Research Studies. Given your esteemed position at the Massachusetts Institute of Technology and your extensive expertise in cybersecurity, your insights would be invaluable in ensuring the quality and rigor of the publication.

The manuscript under consideration addresses novel approaches in hardware-assisted security mechanisms, a topic that aligns closely with current advancements supported by agencies such as DARPA and the National Science Foundation. Your experience with leading institutions, including collaborations with the IEEE and ACM, positions you uniquely to provide a thorough and constructive evaluation.

We anticipate that the review process will require approximately three weeks, and we are committed to recognizing your contribution through formal acknowledgment in the journal and potential opportunities for future collaboration.

Please let us know at your earliest convenience if you are available to undertake this important role.

Thank you for considering this request.

Sincerely,

Dr. Emily Carter
Editor-in-Chief
International Journal of Advanced Research Studies
Contact: editor@ijars.org",Inquiry on Hardware-Assisted Kernel Isolation Techniques,"Dear Dr. Johnson, I am impressed by your work on enhancing kernel isolation using hardware-assisted security mechanisms. Could you share insights on potential challenges when integrating these techniques into existing operating systems? Your expertise would greatly aid our ongoing research in operating systems security. Looking forward to your thoughts.",Manuscript Review for International Journal of Advanced Research Studies,"Dear Researcher, we invite you to review a manuscript related to operating systems security for the International Journal of Advanced Research Studies. Your expertise would greatly contribute to the evaluation process. Please let us know your availability."
per-078,Dr. Fatima Al-Mansouri,Collaboration Opportunity: Advancing Multilingual Hate Speech Detection with Qatar National Research Fund Support,"Dear Dr. Fatima Al-Mansouri,

I hope this message finds you well. I recently had the opportunity to study your insightful paper, ""Multilingual Transformer Models for Contextual Hate Speech Classification,"" published under Qatar University’s Natural Language Processing group. Your innovative approach leveraging transformer architectures to address hate speech detection across diverse languages is truly commendable.

Given your expertise and the recognition from the Qatar National Research Fund Early Career Award, I am keen to explore potential collaboration opportunities that could further enhance the robustness and contextual understanding of hate speech classifiers. Our team at the Center for AI Ethics and Security is currently developing complementary methodologies focusing on cross-lingual transfer learning and ethical AI frameworks.

I would be honored to discuss how we might combine our efforts to advance this critical area of research. Could we schedule a meeting next week to explore possible joint projects or grant proposals?

Thank you for considering this opportunity. I look forward to your positive response.

Best regards,

Dr. Michael Thompson
Center for AI Ethics and Security
m.thompson@caies.org
+1 (555) 123-4567","Invitation to Present at the 12th International Academic Forum 2024, Vienna","Dear Dr. Al-Mansouri,

I hope this message finds you well. On behalf of the organizing committee, I am pleased to invite you to participate as a distinguished speaker at the 12th International Academic Forum 2024, scheduled to take place in Vienna, Austria, from September 15-18, 2024. This prestigious event, hosted by the International Academic Forum and supported by the European Research Council and the Austrian Science Fund, aims to bring together leading scholars and practitioners from institutions such as the University of Cambridge, Massachusetts Institute of Technology, and the National University of Singapore.

Your expertise and contributions to the field of computational linguistics and artificial intelligence would greatly enrich the discussions and knowledge exchange during the forum. The event will feature keynote addresses, panel discussions, and workshops, providing an excellent platform for networking with peers from the University of Tokyo, ETH Zurich, and the University of Toronto.

We would be honored to have you join us and share your insights. Please let us know your availability at your earliest convenience.

Kind regards,

Dr. Michael Thompson
Chair, 12th International Academic Forum 2024
Vienna, Austria",Inquiry on NLP Approaches for Hate Speech Detection,"Dear Dr. Al-Mansouri,

I am impressed by your work on multilingual transformer models for hate speech classification. Could you share insights on challenges faced in contextual understanding across languages? I am exploring similar NLP techniques and would appreciate your perspective.

Best regards,

[Your Name]",Invitation to Present at 12th International Academic Forum 2024,"Dear Researcher, we invite you to submit your work on multilingual transformer models for contextual classification to the 12th International Academic Forum in Vienna. Your expertise would greatly enrich the discussions."
per-079,Dr. Ivan Petrov,Collaboration Opportunity on Advanced Cryptographic Protocols for IoT Security,"Dear Dr. Ivan Petrov,

I hope this message finds you well. I recently had the opportunity to study your insightful paper, ""New Lightweight Protocols for Secure IoT Communications,"" published under the auspices of the Russian Science Foundation Grant. Your innovative approach to cryptographic protocol design, particularly in the context of resource-constrained IoT devices, is highly impressive and aligns closely with our current research initiatives at the Cybersecurity Research Center, National Institute of Standards and Technology (NIST).

Given your expertise and the groundbreaking nature of your work, I would like to propose a collaborative research effort aimed at enhancing the security frameworks for next-generation IoT networks. Our team, including Dr. Alice Johnson and Dr. Michael Chen, has been developing complementary lightweight encryption algorithms that could synergize well with your protocols.

Would you be available for a virtual meeting next week to discuss potential collaboration avenues? Your insights would be invaluable in advancing this critical area of cybersecurity.

Looking forward to your positive response.

Best regards,

Dr. Emily Carter
Lead Researcher, Cybersecurity Research Center
National Institute of Standards and Technology (NIST)
Email: ecarter@nist.gov
Phone: +1-301-555-1234",Invitation to Contribute to the International Journal of Advanced Interdisciplinary Studies,"Dear Dr. Ivan Petrov,

On behalf of the Editorial Board of the International Journal of Advanced Interdisciplinary Studies, I am pleased to extend an invitation to you to submit a manuscript for consideration in our upcoming issue. Our journal, indexed in Scopus and Web of Science, is dedicated to publishing high-quality research across diverse scientific domains, fostering collaboration among leading experts worldwide.

We believe your expertise would greatly enrich the discourse within our publication. The journal is supported by esteemed institutions including the Russian Academy of Sciences, the European Research Council, and the National Science Foundation. Our editorial team comprises distinguished scholars such as Prof. Maria Gonzalez, Dr. Ahmed El-Sayed, and Prof. Li Wei.

Submissions undergo rigorous peer review to ensure academic excellence. We encourage contributions that advance interdisciplinary knowledge and innovation.

Please visit our website at www.ijais.org for submission guidelines and deadlines. Should you have any questions, feel free to contact our editorial office.

We look forward to your valuable contribution.

Sincerely,

Dr. Elena Smirnova
Editor-in-Chief
International Journal of Advanced Interdisciplinary Studies",Inquiry on Lightweight Cryptographic Protocols,"Dear Dr. Petrov,

I recently reviewed your work on lightweight protocols for secure IoT communications. Your approach to cryptographic protocol design is intriguing. Could you share insights on potential vulnerabilities or areas needing further security analysis?

Looking forward to your thoughts.

Best regards,",Invitation to Submit Your Research,"Dear Researcher, the Editorial Board of International Journal of Advanced Interdisciplinary Studies invites you to submit your recent work on cryptographic protocols for potential publication. We look forward to your valuable contribution."
per-080,Dr. Maria Fernandez,Collaboration Opportunity: Advancing User-Centered Privacy Controls in Mobile Applications,"Dear Dr. Maria Fernandez,

I hope this message finds you well. I am writing to express my admiration for your recent paper, ""User-Centered Privacy Controls for Mobile Applications,"" published under the auspices of the São Paulo Research Foundation (FAPESP). Your innovative approach to enhancing privacy through human-computer interaction aligns closely with ongoing projects at the University of Cambridge and MIT Media Lab.

Given your expertise and the critical importance of privacy in mobile ecosystems, I would like to propose a collaborative research initiative aimed at developing adaptive privacy frameworks leveraging AI and behavioral analytics. This initiative could benefit from the combined strengths of your team at the University of São Paulo, alongside experts from Stanford University, ETH Zurich, and the Max Planck Institute.

Would you be available for a virtual meeting next month to discuss potential synergies and funding opportunities, possibly through joint applications to FAPESP and the National Science Foundation (NSF)? Your insights would be invaluable in shaping this endeavor.

I look forward to your positive response.

Best regards,

Dr. James Thompson
Senior Researcher, Cybersecurity Division
University of Cambridge",Collaborative Research Opportunity – International Academic Consortium 2024,"Dear Dr. Fernandez,

I hope this message finds you well. I am writing to invite you to participate in the International Academic Consortium 2024, a collaborative research initiative supported by the São Paulo Research Foundation (FAPESP), the National Science Foundation (NSF), the European Research Council (ERC), and the Japan Society for the Promotion of Science (JSPS). This consortium aims to foster interdisciplinary collaboration among leading scholars from institutions such as the University of Cambridge, Massachusetts Institute of Technology (MIT), University of Tokyo, and ETH Zurich.

Your expertise would be invaluable in advancing our collective goals, which include enhancing data security frameworks, developing innovative privacy-preserving technologies, and promoting ethical standards in digital environments. The consortium will facilitate joint workshops, grant opportunities, and publication avenues through partnerships with IEEE, ACM, and Springer Nature.

We would be honored to have you join this distinguished group of researchers. Please let us know if you are interested in discussing this opportunity further.

Best regards,

Dr. James Thompson
Coordinator, International Academic Consortium 2024
University of Oxford",Inquiry on Privacy Controls in Mobile HCI Research,"Dear Dr. Fernandez,

I am impressed by your work on user-centered privacy controls in mobile applications. I am exploring related security aspects and would appreciate your insights on emerging challenges in this area. Could we discuss potential collaboration or share recent findings?

Best regards,

[Your Name]",Collaborative Research Opportunity – International Academic Consortium 2024,"Dear Dr., we invite you to join a collaborative research initiative focusing on user-centered privacy controls in mobile applications. This international consortium aims to advance human-computer interaction studies. Looking forward to your valuable participation."
per-081,Dr. James O’Connor,Collaboration Opportunity on Formal Methods in Security – ERC Starting Grant Insights,"Dear Dr. O’Connor,

I hope this message finds you well. I am writing to express my admiration for your seminal paper, ""Model Checking for Secure Software Development Lifecycle,"" published in the Journal of Formal Methods in Security. Your innovative approach to integrating model checking techniques within the software development lifecycle significantly advances the field of formal methods in security.

As a fellow researcher specializing in automated verification and security protocols, I am particularly interested in exploring collaborative opportunities that build upon your work, especially in light of your recent European Research Council Starting Grant. The potential to combine our expertise in temporal logic, state-space exploration, and secure coding practices could yield impactful results.

I would be honored to discuss how we might jointly pursue research initiatives or co-author publications that further the application of formal verification in cybersecurity.

Would you be available for a virtual meeting in the coming weeks to explore this collaboration?

Thank you for considering this proposal. I look forward to your positive response.

Best regards,

[Your Full Name]
[Your Position]
[Your Institution]
[Your Contact Information]",Invitation to Nominate for the International Academic Excellence Award 2024,"Dear Dr. O’Connor,

I hope this message finds you well. On behalf of the International Academic Excellence Award 2024 committee, I am pleased to invite you to consider a nomination for this prestigious recognition. The award, supported by the European Research Council and the Royal Society, honors outstanding contributions to academia across diverse disciplines.

Previous recipients include distinguished scholars such as Professor Maria Gonzalez of the University of Cambridge, Dr. Ahmed El-Sayed from ETH Zurich, and Professor Linda Thompson at Stanford University. The award ceremony will be held at the Max Planck Institute in Berlin, with keynote addresses by Nobel Laureate Dr. Hiroshi Tanaka and Fields Medalist Professor Elena Petrova.

Nominations are open until September 30, 2024, and selected awardees will receive a grant to support their ongoing research endeavors. We believe your exemplary academic record and leadership at Trinity College Dublin position you as a strong candidate.

Please find further details attached. We look forward to your participation.

Kind regards,

Dr. Samuel Reed
Chair, International Academic Excellence Award 2024 Committee
University of Oxford",Inquiry on Formal Methods in Security Research,"Dear Dr. O’Connor,

I am impressed by your work on formal methods in security, particularly in secure software development. I am exploring related research and would appreciate any insights or recommendations you might share regarding model checking applications in this field.

Best regards,

[Your Name]",Invitation: International Academic Excellence Award 2024,"Dear Researcher, we are pleased to invite you to apply for the International Academic Excellence Award 2024, recognizing outstanding contributions in formal methods and secure software development. We look forward to your participation."
per-082,Dr. Aisha Khan,Collaboration Opportunity: Advancing Malware Detection with Graph Neural Networks,"Dear Dr. Aisha Khan,

I hope this message finds you well. I am writing to express my admiration for your recent publication, ""Graph Neural Networks for Behavior-Based Malware Classification,"" featured in the Journal of Cybersecurity Research. Your innovative approach to leveraging graph neural networks for malware detection aligns closely with our ongoing projects at the Cybersecurity Research Lab, National University of Singapore.

Given your expertise and the support from the Singapore Ministry of Education Academic Research Fund, I believe a collaborative effort could significantly advance the state-of-the-art in deep learning applications for malware detection. Our team at the Institute of Data Science has been developing complementary techniques in behavior analysis and would greatly benefit from your insights.

I would welcome the opportunity to discuss potential joint research initiatives, grant applications, and knowledge exchange. Could we schedule a meeting next week to explore this collaboration further?

Thank you for considering this proposal. I look forward to your positive response.

Best regards,

Dr. Michael Tan
Lead Researcher, Cybersecurity Research Lab
National University of Singapore
Email: michael.tan@nus.edu.sg
Phone: +65 1234 5678",Invitation to Present at the Global Academic Seminar Series 2024,"Dear Dr. Khan,

I hope this message finds you well. On behalf of the International Research Forum, we are pleased to invite you to participate as a distinguished speaker in the Global Academic Seminar Series 2024. This prestigious event will convene leading scholars and experts from institutions such as the Massachusetts Institute of Technology, University of Cambridge, ETH Zurich, Tsinghua University, and the University of Tokyo.

The seminar series aims to foster interdisciplinary collaboration and knowledge exchange across diverse fields of study. Your expertise and insights would greatly enrich the discussions and contribute to advancing academic excellence.

The event is scheduled to take place from September 15 to 18, 2024, at the International Conference Center in Geneva, Switzerland. We are committed to providing a platform that supports innovative research and global networking opportunities.

Please let us know your availability and any specific requirements you may have. We look forward to your positive response and the possibility of welcoming you to this esteemed gathering.

Sincerely,

Dr. Michael Thompson
Chair, Global Academic Seminar Series 2024
International Research Forum",Collaboration Opportunity on Deep Learning for Malware Detection,"Dear Dr. Khan, I am impressed by your work on deep learning approaches for malware detection. I am interested in exploring potential collaboration opportunities to advance behavior-based malware classification techniques. Would you be open to a brief discussion on this topic? Looking forward to your response.",Invitation to Present at Global Academic Seminar Series 2024,"Dear Dr. Khan, we invite you to present your research on deep learning for malware detection at the Global Academic Seminar Series 2024 hosted by the International Research Forum. Looking forward to your participation."
per-083,Dr. Jean-Luc Dubois,Collaboration Opportunity on Advanced Blockchain Security Research,"Dear Dr. Jean-Luc Dubois,

I hope this message finds you well. I am writing to express my admiration for your recent paper, ""Scalable Consensus Mechanisms for Permissioned Blockchains,"" published through École Polytechnique Fédérale de Lausanne. Your innovative approach to enhancing consensus protocols aligns closely with ongoing research initiatives supported by the Swiss National Science Foundation Advanced Grant.

Given your expertise in blockchain security and the critical challenges addressed in your work, I believe a collaborative effort could significantly advance the field. Our team at the Cybersecurity Research Center, in partnership with institutions such as ETH Zurich and the University of Geneva, is currently exploring novel cryptographic techniques to improve scalability and resilience in distributed ledger technologies.

I would be honored to discuss potential synergies between our projects and explore avenues for joint research, possibly culminating in a co-authored publication or a joint grant proposal.

Could we schedule a meeting at your earliest convenience to discuss this further? I look forward to the possibility of working together to push the boundaries of blockchain security.

Best regards,

Dr. Maria Schneider
Senior Researcher
Cybersecurity Research Center
ETH Zurich",Research Proposal Review – International Symposium on Advanced Studies 2024,"Dear Dr. Dubois,

I hope this message finds you well. I am writing to inform you that your recent submission to the International Symposium on Advanced Studies 2024 has undergone a thorough review process. The review panel, comprising experts from institutions such as the Massachusetts Institute of Technology, University of Cambridge, National University of Singapore, and the Max Planck Institute, has evaluated your proposal with great interest.

Your work was assessed alongside submissions from leading researchers affiliated with organizations including the Swiss National Science Foundation, European Research Council, and the Japan Society for the Promotion of Science. The committee recognized the innovative approach and potential impact of your research.

We appreciate your commitment to advancing scientific knowledge and look forward to your continued contributions. Should you require further details regarding the review outcomes or next steps, please do not hesitate to contact the symposium coordination team at the International Centre for Theoretical Physics.

Thank you for your valuable participation.

Sincerely,

Dr. Maria Gonzalez
Chair, Research Proposal Review Committee
International Symposium on Advanced Studies 2024",Inquiry on Consensus Mechanisms in Permissioned Blockchains,"Dear Dr. Dubois,

I am impressed by your work on scalable consensus mechanisms for permissioned blockchains. Could you share insights on potential vulnerabilities in these systems and mitigation strategies? Your expertise would greatly aid my current research.

Best regards,

[Your Name]",Research Proposal Review – International Symposium on Advanced Studies 2024,"Dear Researcher, we invite you to review a research proposal aligned with your expertise for the upcoming International Symposium on Advanced Studies 2024. Your insights would be invaluable to the evaluation process. Thank you for considering this request."
per-084,Dr. Nandita Rao,Collaboration Opportunity: Advancing Privacy-Preserving ML in Healthcare with IIT Bombay Expertise,"Dear Dr. Nandita Rao,

I hope this message finds you well. I am reaching out to commend your impactful work on ""Federated Learning with Differential Privacy for Healthcare Data,"" published under the auspices of the Indian Department of Science and Technology Grant. Your innovative approach to privacy-preserving machine learning at the Indian Institute of Technology Bombay is highly relevant to ongoing research initiatives at our institution.

Given the increasing importance of secure data sharing in healthcare, I believe a collaborative effort could significantly advance the state-of-the-art in federated learning frameworks. Our team at the Center for Secure AI Research is particularly interested in integrating differential privacy techniques with scalable machine learning models, aligning closely with your recent findings.

Would you be open to a virtual meeting to discuss potential joint research projects or grant applications? I am confident that combining our expertise could lead to substantial contributions to the field.

Thank you for considering this opportunity. I look forward to your positive response.

Best regards,

Dr. Arjun Mehta
Lead Researcher, Center for Secure AI Research
University of California, Berkeley
arjun.mehta@berkeley.edu
+1 (510) 555-1234",Call for Papers: International Symposium on Advanced Academic Research 2024,"Dear Dr. Nandita Rao,

We are pleased to announce the Call for Papers for the International Symposium on Advanced Academic Research 2024, scheduled to take place in Berlin, Germany, from October 15-18, 2024. This prestigious event, organized by the Global Association for Scientific Advancement and supported by the Indian Department of Science and Technology, the National Science Foundation, and the European Research Council, aims to bring together leading researchers, academicians, and industry experts from around the world.

The symposium will cover a broad range of topics across multiple disciplines, including computer science, engineering, healthcare, and data science. Esteemed institutions such as the Massachusetts Institute of Technology, Stanford University, the University of Cambridge, and the Indian Institute of Technology Bombay will be represented.

We invite you to submit your original research papers for consideration. Selected papers will be published in the symposium proceedings and indexed in major databases such as IEEE Xplore and Scopus.

For submission guidelines and deadlines, please visit our official website at www.isaar2024.org.

We look forward to your valuable contribution.

Sincerely,

Dr. Michael Thompson
Program Chair, ISAAAR 2024
International Symposium on Advanced Academic Research",Inquiry on Privacy-Preserving Machine Learning Research,"Dear Dr. Rao,

I am impressed by your work on privacy-preserving machine learning, particularly in healthcare data. I am interested in exploring potential collaborations or insights related to differential privacy in federated learning. Could we discuss your recent findings and possible applications?

Best regards,

[Your Name]",Call for Papers: International Symposium on Advanced Academic Research 2024,"Dear Researcher, we invite submissions for the International Symposium on Advanced Academic Research 2024. Share your latest findings in privacy-preserving machine learning and related fields. Looking forward to your valuable contribution."
per-085,Dr. Michael Schmidt,Collaboration Opportunity on Advanced Anomaly Detection Techniques in Encrypted Traffic,"Dear Dr. Schmidt,

I hope this message finds you well. I am reaching out to express my admiration for your recent publication, ""Real-Time Anomaly Detection in Encrypted Network Traffic,"" presented at the IEEE Symposium on Security and Privacy. Your innovative approach to leveraging machine learning algorithms for traffic analysis significantly advances the field of network security.

As a fellow researcher specializing in cybersecurity at the Max Planck Institute for Informatics, I am particularly interested in exploring collaborative opportunities that build upon your work funded by the German Research Foundation (DFG) Research Fellowship. Integrating your methodologies with our ongoing projects on encrypted traffic pattern recognition could yield impactful results.

Would you be available for a virtual meeting next week to discuss potential joint research initiatives? I believe that combining our expertise could lead to substantial contributions to the community, possibly culminating in a joint proposal for the Horizon Europe program.

Thank you for considering this opportunity. I look forward to your positive response.

Best regards,

Dr. Anna Müller
Senior Researcher
Max Planck Institute for Informatics
anna.mueller@mpi-inf.mpg.de",Invitation to Present at the Global Academic Networking Symposium 2024,"Dear Dr. Schmidt,

I hope this message finds you well. On behalf of the organizing committee of the Global Academic Networking Symposium 2024, I am pleased to invite you to participate as a distinguished speaker at our upcoming event, scheduled to take place in Berlin, Germany, from September 15-18, 2024.

The symposium will gather leading experts from institutions such as the Massachusetts Institute of Technology, Stanford University, ETH Zurich, and the National Institute of Informatics, Tokyo, to discuss advancements in network security, traffic analysis, and related fields. We believe your expertise and insights would greatly enrich the discussions and contribute to the symposium's success.

This event is supported by prominent organizations including the German Research Foundation (DFG), the European Research Council (ERC), and the IEEE Communications Society. We anticipate participation from renowned researchers like Prof. Alice Johnson, Dr. Hiroshi Tanaka, and Dr. Elena Garcia.

Please let us know your availability and interest at your earliest convenience. We look forward to the possibility of your valuable contribution.

Best regards,

Dr. Laura Becker
Chair, Global Academic Networking Symposium 2024
Technical University of Munich",Inquiry on Advancements in Encrypted Traffic Anomaly Detection,"Dear Dr. Schmidt, I am impressed by your work on real-time anomaly detection in encrypted network traffic. Could you share insights on the latest challenges you face in this area? I am exploring potential collaborations and would appreciate your perspective. Looking forward to your response.",Invitation to Present at Global Academic Networking Symposium 2024,"Dear Dr., we invite you to share your insights on network security at the Global Academic Networking Symposium 2024. Your expertise would greatly enrich discussions on real-time anomaly detection in encrypted traffic."
per-086,Dr. Lila Benali,Collaboration Opportunity on Fault Tolerant Protocols in Edge Computing,"Dear Dr. Lila Benali,

I hope this message finds you well. I am reaching out to express my admiration for your recent paper, ""Fault Tolerant Protocols for Edge Computing Environments,"" published under the auspices of the African Union Research Grant. Your innovative approach to enhancing reliability in secure distributed systems at the University of Tunis El Manar is truly commendable.

Given the increasing importance of resilient edge computing frameworks, I believe a collaborative effort could significantly advance this field. My team at the Secure Systems Lab, in partnership with the Institute of Distributed Computing and the Global Cybersecurity Alliance, is currently exploring complementary fault tolerance mechanisms that could synergize with your protocols.

I would be honored to discuss potential joint research initiatives, possibly integrating insights from the IEEE Edge Computing Consortium and the International Federation for Information Processing. Could we schedule a meeting next week to explore this collaboration further?

Thank you for considering this opportunity. I look forward to your positive response.

Best regards,

Dr. Michael Thompson
Director, Secure Systems Lab
Email: m.thompson@securesyslab.org
Phone: +1-555-123-4567",Invitation to Present at IWECST 2024 on Emerging Computer Science Trends,"Dear Dr. Benali,

I hope this message finds you well. On behalf of the International Workshop on Emerging Computer Science Trends (IWECST 2024), we are pleased to invite you to participate as a distinguished speaker at our upcoming event scheduled for October 15-17, 2024, in Nairobi, Kenya. IWECST 2024 aims to bring together leading academics, researchers, and industry experts from institutions such as the University of Cambridge, Massachusetts Institute of Technology, ETH Zurich, and the National University of Singapore to discuss advancements in computer science.

Your expertise and contributions to the field are highly regarded, and we believe your participation would greatly enrich the workshop's discourse. The event will feature keynote sessions, panel discussions, and networking opportunities supported by organizations including the African Union Research Grant, IEEE Computer Society, and ACM SIGCOMM.

Please let us know if you are interested in presenting or attending. We look forward to your positive response and the possibility of your valuable involvement.

Best regards,

Dr. Samuel Okoye
Program Chair, IWECST 2024
Email: samuel.okoye@iwecst.org
Website: www.iwecst2024.org",Inquiry on Fault Tolerant Protocols in Edge Computing,"Dear Dr. Benali,

I am impressed by your work on secure distributed systems, particularly fault tolerant protocols for edge environments. I am exploring related security challenges and would appreciate your insights on potential vulnerabilities in such protocols. Could we discuss possible collaboration or guidance?

Best regards,

[Your Name]",Invitation to Present at IWECST 2024,"Dear Researcher, we invite you to submit your work on secure distributed systems to the International Workshop on Emerging Computer Science Trends (IWECST 2024). Your insights on fault-tolerant protocols would be highly valuable."
per-087,Dr. David Lee,Collaboration Opportunity on Explainable AI for Cybersecurity Research,"Dear Dr. David Lee,

I hope this message finds you well. I am writing to express my admiration for your recent paper, ""Interpretable Deep Models for Cyber Threat Attribution,"" published under the auspices of the Canada Research Chairs Program at the University of Toronto. Your innovative approach to enhancing explainability in AI-driven cybersecurity models is highly relevant to ongoing challenges faced by institutions such as the National Cyber Security Centre and the Canadian Institute for Cybersecurity.

Given your expertise in explainable AI and its application to cyber threat attribution, I believe a collaborative research initiative could significantly advance our understanding and practical deployment of transparent AI systems in security contexts. Our team at the Cybersecurity Research Lab at MIT has been developing complementary methodologies focusing on model interpretability and threat intelligence integration.

I would welcome the opportunity to discuss potential joint projects or grant proposals, possibly involving entities like the Natural Sciences and Engineering Research Council of Canada (NSERC) or the Defense Advanced Research Projects Agency (DARPA).

Please let me know a convenient time for a virtual meeting to explore this further.

Best regards,

[Your Full Name]
[Your Position]
[Your Institution]
[Your Contact Information]",Manuscript Review Invitation for International Journal of Advanced Research Studies,"Dear Dr. David Lee,

I hope this message finds you well. I am writing to invite you to serve as a reviewer for a manuscript submitted to the International Journal of Advanced Research Studies. Given your esteemed position at the University of Toronto and your extensive expertise in the field of artificial intelligence and security, we believe your insights would be invaluable in assessing the quality and rigor of the submitted work.

The manuscript under consideration addresses emerging challenges in cybersecurity and proposes novel methodologies relevant to the broader research community. Your participation would contribute significantly to maintaining the high standards of our publication.

The review process is expected to be completed within four weeks, and we will provide all necessary materials and guidelines to facilitate your evaluation. Should you accept this invitation, please confirm at your earliest convenience.

We appreciate your consideration and look forward to the possibility of your collaboration.

Sincerely,

Dr. Emily Thompson
Editor-in-Chief
International Journal of Advanced Research Studies
Cambridge, United Kingdom

Contact: editor@ijars.org
Phone: +44 20 7946 0958",Inquiry on Explainable AI for Cybersecurity Research,"Dear Dr. Lee,

I am impressed by your work on interpretable deep models for cyber threat attribution. I am exploring explainable AI applications in security and would appreciate your insights on current challenges and future directions in this area. Could we discuss potential collaboration opportunities?

Best regards,",Manuscript Review for International Journal of Advanced Research Studies,"Dear Researcher, we invite you to review a manuscript on explainable AI in security for the International Journal of Advanced Research Studies. Your expertise would greatly contribute to the evaluation process. Please let us know your availability."
per-088,Dr. Hana Kim,Collaboration Opportunity on Advanced Wireless Security Protocols Inspired by Your 5G Research,"Dear Dr. Hana Kim,

I hope this message finds you well. I am writing to express my admiration for your recent paper, ""Secure 5G Protocols Against Spoofing Attacks,"" published in the IEEE Transactions on Wireless Communications. Your innovative approach to mitigating spoofing threats in 5G networks, particularly your use of adaptive cryptographic techniques, aligns closely with our ongoing research at the Cybersecurity Research Center, KAIST.

Given your expertise and the support from the Korea Government Scholarship Program, I believe a collaborative effort could significantly advance the development of robust wireless security frameworks. Our team, led by Professor Min-Jae Lee, has been exploring machine learning-based anomaly detection methods that could complement your protocol designs.

I would be honored to discuss potential joint research initiatives or co-author a follow-up study that builds upon your findings. Could we schedule a virtual meeting next week to explore this opportunity?

Thank you for considering this collaboration. I look forward to your positive response.

Best regards,

Dr. Jisoo Park
Senior Researcher
Cybersecurity Research Center, KAIST
jisoo.park@kaist.ac.kr
+82-42-350-1234","Invitation to Present at the 12th International Academic Forum 2024, Vienna","Dear Dr. Hana Kim,

I hope this message finds you well. On behalf of the organizing committee of the 12th International Academic Forum 2024, to be held in Vienna, Austria, we are pleased to invite you to participate as a distinguished speaker. This forum, supported by the Korea Government Scholarship Program and hosted by Seoul National University in collaboration with the IEEE Communications Society and the ACM SIGCOMM, aims to bring together leading experts from institutions such as KAIST, POSTECH, and the University of Tokyo.

Your expertise would greatly contribute to the discussions on emerging challenges in wireless security and network protocols. The event will feature keynote addresses from renowned scholars including Prof. Michael Smith (MIT), Dr. Elena Garcia (University of Cambridge), and Dr. Rajesh Kumar (Indian Institute of Technology).

We believe your participation will foster valuable academic exchange and collaboration. Please let us know your availability and any requirements you may have.

Thank you for considering this invitation. We look forward to your positive response.

Sincerely,

Dr. Thomas Müller
Chair, 12th International Academic Forum 2024
Vienna, Austria",Inquiry on Wireless Security Research Collaboration,"Dear Dr. Kim,

I am impressed by your work on secure protocols against spoofing attacks in wireless networks. I am exploring potential collaborations in this area and would appreciate discussing your insights and ongoing projects supported by your current grant.

Looking forward to your response.

Best regards,",Invitation to Present at 12th International Academic Forum 2024,"Dear Researcher, we invite you to present your work on wireless security at the 12th International Academic Forum 2024 in Vienna. Your insights would greatly enrich the discussions. Looking forward to your participation."
per-089,Dr. Ahmed El-Sayed,Collaboration Opportunity: Advancing IoT Security with Lightweight Authentication Schemes,"Dear Dr. Ahmed El-Sayed,

I hope this message finds you well. I am writing to express my admiration for your recent paper, ""Lightweight Authentication Schemes for Smart Home Devices,"" published under the Egyptian Science and Technology Development Fund. Your innovative approach to enhancing IoT security, particularly in resource-constrained environments, aligns closely with our ongoing research at the Cybersecurity Research Institute.

Given your expertise at Cairo University and your contributions to IoT security protocols, I believe a collaborative effort could significantly advance the development of robust, scalable authentication mechanisms. Our team, including experts from the National Institute of Standards and Technology (NIST) and the International Telecommunication Union (ITU), is currently exploring novel cryptographic techniques tailored for smart home ecosystems.

I would be honored to discuss potential joint research initiatives or grant applications that leverage our combined strengths. Could we schedule a meeting next week to explore this opportunity further?

Thank you for considering this collaboration. I look forward to your positive response.

Best regards,

Dr. Emily Carter
Lead Researcher, Cybersecurity Research Institute
emily.carter@cri.org
+1 (202) 555-0147",Invitation to Contribute to the International Journal of Advanced Interdisciplinary Studies,"Dear Dr. Ahmed El-Sayed,

On behalf of the Editorial Board of the International Journal of Advanced Interdisciplinary Studies, we are pleased to invite you to contribute to our upcoming special issue focusing on emerging trends in technology and innovation. Your expertise and distinguished academic background at Cairo University make you an ideal candidate to provide valuable insights to our readership.

The journal, indexed in Scopus and Web of Science, is committed to publishing high-quality research that bridges multiple disciplines. We collaborate with esteemed institutions such as the Egyptian Science and Technology Development Fund, the IEEE Computer Society, and the Association for Computing Machinery to ensure rigorous peer review and broad dissemination.

We encourage submissions that explore novel methodologies, theoretical frameworks, or applied research across fields including computer science, engineering, and information technology. Please consider submitting your manuscript by the deadline of September 30, 2024.

For further details, visit our website or contact our editorial office at editor@ijais.org.

We look forward to your valuable contribution.

Sincerely,

Prof. Maria Gonzalez
Editor-in-Chief
International Journal of Advanced Interdisciplinary Studies

Dr. John Smith
Associate Editor
Dr. Li Wei
Editorial Board Member
Dr. Fatima Al-Mansouri
Editorial Board Member
Dr. David Brown
Editorial Board Member",Inquiry on Lightweight Authentication in IoT Security,"Dear Dr. El-Sayed,

I recently came across your work on lightweight authentication schemes for smart home devices. I am interested in exploring potential collaborations or insights related to IoT security advancements. Could we discuss your current research focus and any ongoing projects supported by relevant grants?

Best regards,

[Your Name]",Invitation to Contribute to International Journal of Advanced Interdisciplinary Studies,"Dear Researcher, the Editorial Board invites you to submit your latest work on IoT security to our journal. We value your expertise and look forward to your contribution to advancing interdisciplinary studies."
per-090,Dr. Sophie Martin,Collaboration Opportunity: Enhancing Post-Quantum Cryptography Security Measures,"Dear Dr. Sophie Martin,

I hope this message finds you well. I am writing to express my admiration for your recent paper, ""Evaluating Lattice-Based Cryptosystems Against Side-Channel Attacks,"" published under the auspices of the UK Engineering and Physical Sciences Research Council Grant. Your insightful analysis of cryptanalysis techniques and the resilience of lattice-based schemes significantly advances our understanding of post-quantum cryptography.

Given your expertise at the University of Cambridge and your contributions to the field, I would like to propose a collaborative research initiative aimed at developing enhanced side-channel attack mitigation strategies for emerging cryptosystems. Our team at the National Institute of Standards and Technology (NIST) has been focusing on similar challenges, particularly in the context of the NIST Post-Quantum Cryptography Standardization project.

I believe that combining our efforts could yield substantial advancements in securing cryptographic implementations against evolving threats. Would you be available for a virtual meeting next week to discuss potential collaboration avenues?

Thank you for considering this opportunity. I look forward to your positive response.

Best regards,

Dr. Michael Thompson
Senior Research Scientist
National Institute of Standards and Technology (NIST)
michael.thompson@nist.gov",Collaborative Research Opportunity – International Academic Consortium 2024,"Dear Dr. Martin,

I hope this message finds you well. I am writing to invite you to participate in the International Academic Consortium 2024, a collaborative research initiative supported by the UK Engineering and Physical Sciences Research Council and the European Research Council. This consortium brings together leading experts from institutions such as the Massachusetts Institute of Technology, ETH Zurich, National University of Singapore, and the University of Tokyo to advance cutting-edge developments in cybersecurity and cryptographic methodologies.

Given your esteemed position at the University of Cambridge and your extensive expertise, we believe your contribution would be invaluable to this multidisciplinary effort. The consortium aims to foster collaboration among researchers from the University of Oxford, Stanford University, and the Technical University of Munich, facilitating knowledge exchange and joint publications.

We would be honored to discuss potential avenues for collaboration and explore how your insights could shape the consortium’s objectives. Please let us know your availability for a preliminary meeting.

Thank you for considering this opportunity.

Kind regards,

Dr. Alan Thompson
Coordinator, International Academic Consortium 2024
Imperial College London",Inquiry on Side-Channel Resilience in Lattice-Based Cryptosystems,"Dear Dr. Martin,

I am intrigued by your work on lattice-based cryptosystems and their vulnerability to side-channel attacks. Could you share insights on the most effective mitigation strategies identified in your research? I am exploring similar avenues and would appreciate your perspective.

Best regards,

[Your Name]",Collaborative Research Opportunity – International Academic Consortium 2024,"Dear Dr., we invite you to join a collaborative research initiative focusing on advanced cryptographic methods. Your expertise would greatly contribute to this international academic consortium. Looking forward to potential collaboration opportunities."
per-091,Dr. Jorge Ramirez,Collaboration Opportunity: Enhancing Automated Buffer Overflow Detection Techniques,"Dear Dr. Jorge Ramirez,

I hope this message finds you well. I am reaching out to commend your insightful paper, ""Automated Detection of Buffer Overflow Vulnerabilities Using Static Analysis,"" published under the Universidad Nacional Autónoma de México. Your innovative approach to software security and vulnerability analysis significantly advances the field, particularly in the context of static analysis methodologies.

Given your expertise and the support from the CONACYT Research Grant, I believe there is a valuable opportunity for collaboration between your team and our research group at the Cybersecurity Institute of Stanford University. Our recent work focuses on integrating machine learning algorithms with static analysis tools to improve detection accuracy and reduce false positives in buffer overflow vulnerability identification.

I would be honored to discuss potential joint research initiatives, grant applications, or knowledge exchange programs that could mutually benefit our institutions and contribute to the broader cybersecurity community.

Please let me know a convenient time for a virtual meeting to explore these possibilities further.

Thank you for your consideration.

Best regards,

Dr. Emily Chen
Senior Research Scientist
Cybersecurity Institute
Stanford University
emily.chen@stanford.edu
+1 (650) 555-1234",Invitation to Nominate for the International Academic Excellence Award 2024,"Dear Dr. Jorge Ramirez,

I hope this message finds you well. On behalf of the International Council for Scientific Advancement (ICSA), I am pleased to inform you about the International Academic Excellence Award 2024. This prestigious award recognizes outstanding contributions to the global academic community across various disciplines.

Given your esteemed position at Universidad Nacional Autónoma de México and your notable achievements supported by the CONACYT Research Grant, we believe you are an ideal candidate for this honor. The award aims to celebrate scholars who have demonstrated exceptional dedication to advancing knowledge and fostering innovation.

The selection committee, comprising members from institutions such as the Massachusetts Institute of Technology, University of Cambridge, Max Planck Society, and the National Science Foundation, will evaluate nominations based on scholarly impact, leadership, and commitment to academic excellence.

We encourage you to submit your nomination by August 15, 2024. For further details, please visit the ICSA official website or contact our office directly.

We look forward to your participation in this distinguished recognition.

Sincerely,

Dr. Emily Chen
Chair, International Academic Excellence Award Committee
International Council for Scientific Advancement",Inquiry on Automated Vulnerability Detection Techniques,"Dear Dr. Ramirez, I am impressed by your work on automated detection of buffer overflow vulnerabilities using static analysis. I am exploring similar approaches and would appreciate your insights on current challenges in this area. Could we discuss potential collaboration or guidance related to your research? Looking forward to your response.",Invitation: International Academic Excellence Award 2024,"Dear Dr., we are pleased to invite you to apply for the International Academic Excellence Award 2024 recognizing outstanding contributions in software security research. Your work in vulnerability analysis is highly valued. Regards."
per-092,Dr. Elena Ivanova,Collaboration Opportunity on Privacy Enhancing Technologies Inspired by Your ZKP Research,"Dear Dr. Elena Ivanova,

I hope this message finds you well. I am writing to express my admiration for your recent paper, ""Decentralized Identity Management with Zero-Knowledge Proofs,"" published under the Finnish Academy of Science Research Grant. Your innovative approach to privacy enhancing technologies, particularly in the context of decentralized systems, aligns closely with our ongoing research at the Helsinki Institute for Information Security.

Given your expertise and the groundbreaking nature of your work, I would like to propose a collaborative research initiative aimed at advancing zero-knowledge proof applications in identity management. Our team, including experts from the University of Cambridge, MIT, and the Max Planck Institute, is keen to explore synergies that could lead to impactful advancements in this domain.

Would you be available for a virtual meeting next week to discuss potential collaboration frameworks? Your insights would be invaluable, and I am confident that together we can contribute significantly to the field.

Thank you for considering this opportunity. I look forward to your positive response.

Best regards,

Dr. Michael Andersen
Senior Researcher
Helsinki Institute for Information Security
michael.andersen@hiis.fi",Invitation to Present at the Global Academic Seminar Series 2024,"Dear Dr. Ivanova,

I hope this message finds you well. On behalf of the International Research Forum, we are pleased to invite you to participate as a distinguished speaker in the upcoming Global Academic Seminar Series 2024. This prestigious event will convene leading scholars and experts from institutions such as the Massachusetts Institute of Technology, University of Cambridge, Max Planck Institute, National University of Singapore, and the University of Tokyo.

The seminar series aims to foster interdisciplinary dialogue and collaboration across diverse fields, including computer science, cryptography, and data privacy. Your expertise and insights would greatly enrich the discussions and contribute to advancing global research initiatives.

The event is scheduled to take place from September 15-18, 2024, at the International Research Forum headquarters in Geneva, Switzerland. We would be honored if you could confirm your availability and interest in presenting a lecture or participating in panel discussions.

Please feel free to contact us for further details or any specific requirements.

We look forward to your positive response.

Sincerely,

Dr. Michael Thompson
Chair, Global Academic Seminar Series 2024
International Research Forum",Inquiry on Privacy Enhancing Technologies Research,"Dear Dr. Ivanova, I am impressed by your work on decentralized identity management using zero-knowledge proofs. I am exploring related privacy enhancing technologies and would appreciate the opportunity to discuss your insights and potential collaboration. Could we arrange a brief meeting to explore this further? Looking forward to your response.",Invitation to Present at Global Academic Seminar Series 2024,"Dear Dr.,

We invite you to present your recent research on privacy enhancing technologies at the Global Academic Seminar Series 2024 hosted by the International Research Forum. Your insights would greatly enrich the discussion.

Best regards,"
per-093,Dr. Kwame Mensah,Collaboration Opportunity: Enhancing National Cybersecurity Capacity in Africa,"Dear Dr. Kwame Mensah,

I hope this message finds you well. I recently had the opportunity to study your insightful paper, ""Frameworks for National Cybersecurity Capacity Building in Africa,"" published through the University of Ghana. Your analysis of policy frameworks and governance models resonates deeply with ongoing initiatives supported by the African Development Bank Research Support Program.

Given your expertise in cybersecurity policy and governance, I am reaching out to explore potential collaboration opportunities aimed at advancing national cybersecurity capacity across African nations. Our team at the Cybersecurity Policy Institute, in partnership with the African Union and the International Telecommunication Union, is currently developing a comprehensive framework that aligns with the objectives outlined in your research.

We believe that your contributions could significantly enhance the impact and scalability of this initiative. I would welcome the opportunity to discuss this further and explore how we might work together to strengthen cybersecurity resilience in the region.

Please let me know a convenient time for a virtual meeting.

Best regards,

Dr. Amina Diallo
Senior Research Fellow
Cybersecurity Policy Institute
Email: a.diallo@cpi.org
Phone: +1-202-555-0147",Research Proposal Review – International Symposium on Advanced Studies 2024,"Dear Dr. Mensah,

I hope this message finds you well. I am writing to inform you that your recent submission to the International Symposium on Advanced Studies 2024 has been received and is currently under review by our panel of experts, including representatives from the African Development Bank, the United Nations University, and the World Economic Forum.

The review committee, comprising distinguished scholars such as Prof. Amina El-Amin (University of Nairobi), Dr. Samuel Ofori (Kwame Nkrumah University of Science and Technology), and Dr. Fatima Diallo (University of Dakar), is evaluating proposals with a focus on innovation, feasibility, and potential impact.

We appreciate your participation in this prestigious event, which also features contributions from institutions like the Massachusetts Institute of Technology, the London School of Economics, and the National Institute of Standards and Technology.

You can expect to receive detailed feedback by July 15, 2024. Should you have any questions, please do not hesitate to contact the symposium secretariat.

Thank you for your valuable contribution.

Sincerely,

Dr. Elena Rodriguez
Chair, Review Committee
International Symposium on Advanced Studies 2024",Inquiry on Cybersecurity Capacity Building Research,"Dear Dr. Mensah,

I am impressed by your work on national cybersecurity capacity frameworks. Could you share insights on key challenges faced in policy implementation across diverse regions? Your perspective would greatly aid our ongoing research.

Best regards,

[Your Name]",Research Proposal Review – International Symposium on Advanced Studies 2024,"Dear Researcher, your proposal on cybersecurity policy has been reviewed for the International Symposium on Advanced Studies 2024. We appreciate your contribution and will provide feedback shortly. Thank you for your submission."
per-094,Dr. Isabella Rossi,Collaboration Opportunity on Embedded Systems Security Research under Horizon Europe Grant,"Dear Dr. Isabella Rossi,

I hope this message finds you well. I am writing to express my admiration for your recent paper, ""Securing Automotive Embedded Systems Against Remote Attacks,"" published through Politecnico di Milano. Your innovative approach to mitigating vulnerabilities in automotive embedded systems aligns closely with our ongoing research initiatives.

As part of a consortium funded by the European Union Horizon Europe Grant, we are currently exploring advanced security frameworks for embedded systems within the automotive sector. Given your expertise and significant contributions to embedded systems security, particularly in remote attack prevention, we believe a collaboration could yield impactful results.

We are keen to discuss potential joint research projects, knowledge exchange, and co-authorship opportunities that leverage our combined strengths. Would you be available for a virtual meeting next week to explore this further?

Thank you for considering this opportunity. I look forward to your positive response.

Best regards,

Dr. Michael Thompson
Senior Researcher
Cybersecurity Division
European Institute of Technology
Email: michael.thompson@eit.europa.eu
Phone: +32 2 123 4567",Call for Papers: International Symposium on Advanced Academic Research 2024,"Dear Dr. Rossi,

We are pleased to announce the Call for Papers for the International Symposium on Advanced Academic Research 2024, scheduled to take place in Vienna, Austria, from September 15-18, 2024. This prestigious event, organized by the European Research Council in collaboration with the University of Cambridge and the Massachusetts Institute of Technology, aims to bring together leading scholars and practitioners from diverse fields to discuss cutting-edge developments and foster interdisciplinary collaboration.

We invite you to submit your original research papers for consideration. Selected papers will be published in the symposium proceedings and featured in the Journal of Advanced Scientific Studies. Keynote speakers include Professor Michael Green from Stanford University and Dr. Elena Petrova of the Max Planck Institute.

The submission deadline is May 31, 2024. For detailed guidelines and registration information, please visit the symposium website at www.isaar2024.org.

We look forward to your valuable contribution to this international forum supported by the European Union Horizon Europe Grant.

Sincerely,

Dr. Thomas Müller
Program Chair
International Symposium on Advanced Academic Research 2024",Inquiry on Embedded Systems Security Research,"Dear Dr. Rossi,

I am impressed by your work on securing automotive embedded systems against remote attacks. I am exploring related security challenges and would appreciate your insights on emerging threats in this domain. Could we discuss potential collaboration opportunities or recent findings?

Best regards,

[Your Name]",Call for Papers: International Symposium on Advanced Academic Research 2024,"Dear Researcher, we invite submissions for the International Symposium on Advanced Academic Research 2024. Share your latest findings in embedded systems security and contribute to advancing academic knowledge. Looking forward to your valuable paper."
per-095,Dr. Tarek Haddad,Collaboration Opportunity on Advanced Privacy Models in Multi-Tenant Cloud Environments,"Dear Dr. Haddad,

I hope this message finds you well. I am reaching out to commend your insightful paper, ""Privacy-Aware Data Sharing Models for Multi-Tenant Cloud Environments,"" published under the auspices of the Lebanese National Council for Scientific Research Award. Your work at the American University of Beirut significantly advances the discourse on cloud security and privacy, particularly in the context of multi-tenant architectures.

Given the increasing complexity of data protection challenges faced by cloud service providers such as Amazon Web Services, Microsoft Azure, and Google Cloud Platform, your research offers valuable frameworks that could be instrumental in enhancing privacy-preserving mechanisms. I am particularly interested in exploring potential collaborations that leverage your models alongside emerging technologies like homomorphic encryption and secure multi-party computation.

Would you be available for a virtual meeting next week to discuss possible joint research initiatives? Your expertise would be invaluable in driving forward innovative solutions in this critical domain.

Looking forward to your positive response.

Best regards,

[Your Full Name]
[Your Position]
[Your Institution]
[Your Contact Information]",Invitation to Present at the Global Academic Networking Symposium 2024,"Dear Dr. Haddad,

I hope this message finds you well. On behalf of the organizing committee of the Global Academic Networking Symposium 2024, we are pleased to invite you to participate as a distinguished speaker at our upcoming event scheduled for October 15-17, 2024, in Geneva, Switzerland.

The symposium aims to bring together leading academics and industry experts from institutions such as MIT, Stanford University, the University of Cambridge, ETH Zurich, and the National University of Singapore to foster interdisciplinary collaboration and knowledge exchange. We believe your expertise and insights would greatly enrich the discussions.

This year’s program includes keynote addresses from Dr. Maria Gonzalez of the Max Planck Institute, panel sessions featuring representatives from the European Research Council, and workshops led by the IEEE Computer Society. Additionally, the event is supported by grants from the National Science Foundation and the Lebanese National Council for Scientific Research.

We would be honored to have you contribute to this prestigious gathering. Please let us know your availability at your earliest convenience.

Best regards,

Dr. Emily Carter
Chair, Global Academic Networking Symposium 2024
International Association of Researchers",Inquiry on Privacy-Aware Data Sharing Models in Cloud Environments,"Dear Dr. Haddad,

I am exploring advancements in cloud security and privacy, particularly in multi-tenant data sharing. Your research on privacy-aware models is highly relevant. Could you share insights on challenges faced in implementing these models effectively? I appreciate your time and expertise.

Best regards,
[Your Name]",Invitation to Global Academic Networking Symposium 2024,"Dear Researcher, we invite you to present your work on cloud security at the Global Academic Networking Symposium 2024. This is a great opportunity to connect with peers and explore collaborative research possibilities."
per-096,Dr. Yuki Nakamura,Collaboration Opportunity on Advancing Device-Independent Quantum Key Distribution,"Dear Dr. Nakamura,

I hope this message finds you well. I am writing to express my admiration for your recent publication, ""Implementing Device-Independent Quantum Key Distribution in Practical Networks,"" which I found profoundly insightful. Your pioneering work at the University of Tokyo, supported by the Japan Society for the Promotion of Science Grant, significantly advances the field of quantum cryptography.

Given the critical importance of secure communication in the era of quantum computing, I believe there is a compelling opportunity for collaboration between our research teams. Our group at the National Institute of Informatics has been developing complementary protocols that could enhance the robustness and scalability of device-independent quantum key distribution systems.

I would be honored to discuss potential joint research initiatives, possibly integrating our methodologies to accelerate practical implementations. Could we schedule a virtual meeting next month to explore this further? Your expertise, alongside contributions from institutions like RIKEN and the Quantum Information Science and Technology Center, would be invaluable.

Thank you for considering this proposal. I look forward to your positive response.

Sincerely,
Dr. Michael Tanaka
Senior Researcher
National Institute of Informatics
m.tanaka@nii.ac.jp",Invitation to Present at IWECST 2024 – International Workshop on Emerging Computer Science Trends,"Dear Dr. Nakamura,

I hope this message finds you well. On behalf of the organizing committee, I am pleased to invite you to participate as a distinguished speaker at the International Workshop on Emerging Computer Science Trends (IWECST 2024), scheduled to take place from September 15-17, 2024, in Kyoto, Japan.

IWECST 2024 aims to bring together leading researchers and practitioners from institutions such as the Massachusetts Institute of Technology, Stanford University, the University of Cambridge, ETH Zurich, and the National Institute of Informatics to discuss recent advancements and future directions in computer science. The workshop will feature keynote presentations, panel discussions, and networking sessions.

Given your esteemed position at the University of Tokyo and your contributions supported by the Japan Society for the Promotion of Science Grant, your participation would greatly enrich the discourse. We believe your insights will be invaluable to attendees from organizations including the IEEE Computer Society, ACM SIGCOMM, and the Japan Advanced Institute of Science and Technology.

Please let us know your availability at your earliest convenience. We look forward to your positive response.

Sincerely,

Dr. Michael Thompson
Chair, IWECST 2024 Organizing Committee
University of California, Berkeley",Inquiry on Device-Independent Quantum Key Distribution Research,"Dear Dr. Nakamura,

I am impressed by your work on device-independent quantum key distribution. Could you share insights on overcoming practical network challenges in your implementation? I am exploring related security aspects and would appreciate your perspective.

Best regards,

[Your Name]",Invitation to Present at IWECST 2024,"Dear Dr. Nakamura, we invite you to share your insights on quantum cryptography at the International Workshop on Emerging Computer Science Trends (IWECST 2024). Your expertise would greatly enrich the discussions. Looking forward to your participation."
per-097,Dr. Olivia Parker,Collaboration Opportunity: Enhancing Multi-Factor Authentication Usability in ARC-Funded Research,"Dear Dr. Parker,

I hope this message finds you well. I am reaching out to commend your insightful paper, ""Designing Effective User Interfaces for Multi-Factor Authentication,"" published in the Journal of Usable Security. Your work at the University of Sydney, particularly under the Australian Research Council Discovery Grant, significantly advances our understanding of usable security and privacy.

Given your expertise in user-centered design and authentication mechanisms, I would like to explore a potential collaboration focused on developing adaptive multi-factor authentication interfaces that balance security and user experience. Our team at the Cybersecurity Research Institute has been investigating behavioral biometrics integration and would greatly benefit from your perspective.

Would you be available for a virtual meeting next week to discuss possible joint research initiatives? I believe combining our efforts could lead to impactful advancements and further funding opportunities.

Thank you for considering this proposal. I look forward to your positive response.

Best regards,

Dr. Michael Chen
Senior Researcher
Cybersecurity Research Institute
michael.chen@cri.edu.au
+61 2 1234 5678",Manuscript Review Invitation for International Journal of Advanced Research Studies,"Dear Dr. Parker,

I hope this message finds you well. I am writing to invite you to serve as a reviewer for a manuscript recently submitted to the International Journal of Advanced Research Studies. Given your expertise and distinguished contributions to the field, we believe your insights would be invaluable in assessing the quality and rigor of this work.

The manuscript addresses emerging challenges in security protocols and user interaction, topics that align closely with your professional background. The review process is expected to be completed within four weeks, and we provide comprehensive guidelines to facilitate a thorough evaluation.

Your participation would not only contribute to maintaining the high standards of our journal but also support the broader research community. Should you accept, you will receive access to the manuscript and review platform shortly.

Please let us know at your earliest convenience if you are available to undertake this important task. We appreciate your consideration and look forward to your positive response.

Kind regards,

Prof. Michael Thompson
Editor-in-Chief
International Journal of Advanced Research Studies
University of Melbourne
Australia
Email: m.thompson@ijars.edu.au
Phone: +61 3 8344 4000",Collaboration Inquiry on Usable Security Interfaces,"Dear Dr. Parker, I am impressed by your work on user interfaces for multi-factor authentication. I am exploring potential collaborations to enhance usable security and privacy solutions. Would you be open to a brief discussion on aligning our research interests and possible joint projects? Looking forward to your thoughts.",Manuscript Review for International Journal of Advanced Research Studies,"Dear Researcher, We invite you to review a manuscript related to usable security for the International Journal of Advanced Research Studies. Your expertise would greatly contribute to the quality of this publication. Please let us know your availability."
per-098,Dr. Ahmed Hassan,Collaboration Opportunity on Advanced DDoS Mitigation Strategies Inspired by Your Recent Work,"Dear Dr. Ahmed Hassan,

I hope this message finds you well. I am reaching out to commend your insightful paper, ""Mitigating DDoS Attacks using Adaptive Rate Limiting Techniques,"" published under the auspices of King Fahd University of Petroleum and Minerals and supported by the King Abdulaziz City for Science and Technology Grant. Your innovative approach to enhancing network protocol security through adaptive mechanisms is highly relevant to ongoing challenges faced by cybersecurity frameworks globally.

At [Your Institution/Company], we are currently exploring complementary methodologies that could synergize with your adaptive rate limiting techniques to further fortify defenses against volumetric DDoS attacks. Given your expertise and the critical nature of this research, I believe a collaborative effort could yield significant advancements.

Would you be available for a virtual meeting in the coming weeks to discuss potential joint research initiatives? Your insights would be invaluable, and I am eager to explore how we might contribute to this vital field together.

Thank you for considering this opportunity. I look forward to your positive response.

Best regards,

[Your Full Name]
[Your Position]
[Your Institution/Company]
[Your Contact Information]","Invitation to Present at the 12th International Academic Forum 2024, Vienna","Dear Dr. Ahmed Hassan,

I hope this message finds you well. On behalf of the organizing committee of the 12th International Academic Forum 2024, to be held in Vienna, Austria, we are pleased to invite you to participate as a distinguished speaker. Your expertise and contributions to the field of network protocol security are highly regarded within the academic community.

The forum will convene leading researchers and practitioners from institutions such as King Fahd University of Petroleum and Minerals, King Abdulaziz City for Science and Technology, the European Network and Information Security Agency, and the International Telecommunication Union. This event offers a valuable platform for knowledge exchange and collaboration among experts from diverse organizations including the IEEE Communications Society, the ACM SIGCOMM, and the Cybersecurity Research Center at the University of Vienna.

We believe your participation would greatly enrich the discussions and foster innovative approaches to current challenges in cybersecurity. Please let us know your availability and interest at your earliest convenience.

Thank you for considering this invitation.

Sincerely,

Dr. Maria Schmidt
Conference Chair
12th International Academic Forum 2024",Inquiry on Adaptive Rate Limiting Techniques in Network Security,"Dear Dr. Hassan, I recently came across your work on mitigating DDoS attacks using adaptive rate limiting. Your approach to enhancing network protocol security is impressive. I am interested in discussing potential collaboration opportunities and learning more about your methodologies. Would you be open to a brief conversation? Best regards.",Invitation to Present at 12th International Academic Forum 2024,"Dear Researcher, we invite you to submit your work on network security to the 12th International Academic Forum 2024 in Vienna. This is a great opportunity to share your findings and collaborate with peers globally."
per-099,Dr. Elena Petrova,Collaboration Opportunity: Advancing Formal Verification in Secure Multi-Party Computation,"Dear Dr. Petrova,

I hope this message finds you well. I am writing to express my admiration for your recent paper, ""Automated Theorem Proving for Secure Multi-Party Computation,"" published under the auspices of the Russian Foundation for Basic Research. Your innovative approach to formal verification in security protocols, particularly within the context of multi-party computation, aligns closely with ongoing projects at the Institute for Cybersecurity Research at MIT.

Given your expertise and the significant contributions of your work at Saint Petersburg State University, I believe a collaborative effort could yield substantial advancements in automated theorem proving techniques. Our team, including Dr. Michael Clarkson and Dr. Anupam Datta, has been exploring complementary methods in protocol verification and would greatly value your insights.

Would you be available for a virtual meeting in the coming weeks to discuss potential joint research initiatives? I am confident that combining our expertise could lead to impactful publications and further funding opportunities.

Thank you for considering this proposal. I look forward to your positive response.

Best regards,

Dr. Sarah Thompson
Senior Researcher
Institute for Cybersecurity Research
Massachusetts Institute of Technology",Invitation to Contribute to the International Journal of Advanced Interdisciplinary Studies,"Dear Dr. Petrova,

On behalf of the Editorial Board of the International Journal of Advanced Interdisciplinary Studies, I am pleased to extend an invitation for you to submit a manuscript to our upcoming special issue focused on cutting-edge developments in interdisciplinary research. Our journal, indexed in Scopus and Web of Science, is dedicated to publishing high-quality, peer-reviewed articles that advance knowledge across diverse scientific domains.

We believe your expertise and scholarly contributions would greatly enrich the discourse within this issue. The journal is supported by a distinguished panel including Prof. Michael Johnson (University of Cambridge), Dr. Aisha Khan (MIT), Prof. Hiroshi Tanaka (University of Tokyo), and Dr. Maria Garcia (University of São Paulo), among others.

Please consider this opportunity to disseminate your work to an international audience. Manuscripts will undergo rigorous peer review coordinated by our editorial team, including Dr. Samuel Lee and Prof. Ingrid Müller.

Should you have any questions or require further information, do not hesitate to contact us at editorial@ijais.org.

We look forward to your valuable contribution.

Sincerely,

Dr. Robert Thompson
Editor-in-Chief
International Journal of Advanced Interdisciplinary Studies",Inquiry on Formal Verification Techniques in Security Protocols,"Dear Dr. Petrova,

I am impressed by your work on formal verification in security protocols. Could you share insights on how automated theorem proving advances secure multi-party computation? I am exploring related methods and would appreciate your perspective.

Best regards,

[Your Name]",Invitation to Contribute to International Journal of Advanced Interdisciplinary Studies,"Dear Researcher, the Editorial Board of International Journal of Advanced Interdisciplinary Studies invites you to submit your latest work on formal verification and security protocols for potential publication. We look forward to your valuable contribution."
per-100,Dr. Clara Jensen,Collaboration Opportunity: Advancing AI Security in Federated Learning Systems,"Dear Dr. Clara Jensen,

I hope this message finds you well. I am writing to express my admiration for your recent paper, ""Detecting Model Poisoning Attacks in Federated Learning Systems,"" published under the auspices of Aarhus University and supported by the Danish Council for Independent Research Grant. Your innovative approach to enhancing the robustness of federated learning models against adversarial threats significantly advances the field of Artificial Intelligence Security.

Given the increasing prevalence of model poisoning attacks highlighted in your work, I believe a collaborative effort could further strengthen detection mechanisms and develop proactive defense strategies. Our team at the Cybersecurity Research Institute has been focusing on complementary techniques involving anomaly detection and blockchain integration to secure distributed AI systems.

I would be honored to discuss potential joint research initiatives or grant proposals that align with your expertise and ongoing projects. Could we schedule a meeting at your earliest convenience to explore this opportunity?

Thank you for considering this collaboration. I look forward to your positive response.

Best regards,

Dr. Michael Andersen
Senior Researcher, Cybersecurity Research Institute
michael.andersen@cyberinstitute.org
+45 1234 5678",Collaborative Research Opportunity – International Academic Consortium 2024,"Dear Dr. Jensen,

I hope this message finds you well. I am writing to invite you to participate in the International Academic Consortium 2024, a collaborative research initiative supported by the Danish Council for Independent Research Grant. This consortium aims to bring together leading experts from institutions such as Aarhus University, MIT, Stanford University, ETH Zurich, and the University of Tokyo to advance the field of Artificial Intelligence Security.

Given your esteemed position at Aarhus University and your extensive expertise, your contribution would be invaluable to this interdisciplinary effort. The consortium will facilitate joint workshops, data sharing, and co-authored publications, fostering innovation and knowledge exchange among participants from the Max Planck Institute, Tsinghua University, and the University of Cambridge.

We believe that your involvement will significantly enhance the consortium’s impact and help shape future directions in AI security research. Please let us know if you are interested in joining this initiative or require further information.

Thank you for considering this opportunity.

Best regards,

Dr. Michael Thompson
Coordinator, International Academic Consortium 2024
University of Oxford",Inquiry on AI Security Research Collaboration,"Dear Dr. Jensen,

I am impressed by your work on AI security, particularly in detecting model poisoning in federated learning. I am exploring related research opportunities and would appreciate discussing potential collaboration or insights on advancing defenses in this area.

Best regards,

[Your Name]",Collaborative Research Opportunity – International Academic Consortium 2024,"Dear Dr., we invite you to join a collaborative research initiative focusing on advanced security challenges in AI systems. Your expertise would greatly contribute to this international academic consortium. Looking forward to potential collaboration."
