target_id,persona_name,ratio,target_wc,variant,subject,body,actual_wc
per-002,Dr. Heather Campbell,1.0,57,long,Inquiry on Your Recent Research,"Dear Dr. Campbell, I have been following your work in computer science with great interest. Your insights into system security are impressive. I am exploring similar topics and would appreciate your thoughts on emerging challenges in this area. Could we discuss potential collaboration opportunities? Looking forward to your response. Best regards, A fellow researcher.",54
per-002,Dr. Heather Campbell,1.25,71,long,Invitation to Participate in Advanced Security Research Simulation,"Dear Dr. Heather Campbell,

We are conducting an advanced security research simulation focusing on emerging threats in general computer science. Your expertise would be invaluable to our study. We invite you to collaborate with us in this initiative to explore innovative defense mechanisms. Please let us know your availability for a preliminary discussion.

Looking forward to your positive response.

Best regards,
Security Research Team",64
per-002,Dr. Heather Campbell,1.5,85,long,Invitation to Participate in Esteemed Security Research Symposium,"Dear Dr. Campbell,

I hope this message finds you well and immersed in your valuable scholarly pursuits. It is with great respect and admiration for your extensive contributions to the field of computer science that I extend an invitation to you. We are organizing a distinguished symposium focused on advancing security research, aiming to foster insightful discussions and collaborative opportunities among leading academics. Your participation would undoubtedly enrich the discourse, and we would be honored by your presence. Kindly consider this invitation at your convenience.

Warm regards,

[Your Name]",89
per-002,Dr. Heather Campbell,2.0,114,long,Invitation to Contribute to an Upcoming Symposium on Emerging Trends in Computer Science,"Dear Dr. Campbell,

I hope this message finds you well and immersed in your valuable scholarly pursuits. I am reaching out to cordially invite you to participate in an upcoming symposium dedicated to exploring emerging trends within the broad and dynamic field of computer science. Given your extensive expertise and distinguished contributions to the discipline, your involvement would undoubtedly enrich the discourse and provide invaluable insights. We are endeavoring to assemble a diverse group of esteemed researchers to foster a comprehensive and multifaceted dialogue. Should you be amenable to this invitation, we would be honored to discuss potential avenues for your participation in greater detail. Thank you for considering this opportunity.

Warm regards,

[Your Name]",115
per-002,Dr. Heather Campbell,2.5,142,long,Invitation to Participate in Advanced Security Research Simulation Study,"Dear Dr. Heather Campbell,

We are conducting a cutting-edge security research simulation aimed at exploring novel defense mechanisms in computer science. Given your expertise in general CS, your participation would provide invaluable insights. The study involves simulated attack scenarios and defense strategy evaluations, designed to enhance understanding of system vulnerabilities and resilience.

Participation requires approximately two hours over the next two weeks and can be completed remotely at your convenience. All data collected will be anonymized and used solely for research purposes. Your involvement will contribute significantly to advancing security protocols and may lead to co-authorship opportunities in forthcoming publications.

If interested, please reply to this email by the end of the week. We look forward to your valuable contribution to this important research.

Best regards,

The Security Research Team",130
per-002,Dr. Heather Campbell,3.0,171,long,Invitation to Participate in Advanced Security Research Simulation,"Dear Dr. Heather Campbell,

I hope this message finds you well. We are reaching out to invite you to participate in an upcoming security research simulation designed to explore innovative approaches in cybersecurity within the general computer science domain. Your extensive expertise and contributions to the field make you an ideal candidate for this initiative.

The simulation aims to replicate real-world cyber threat scenarios, enabling researchers to test and refine defensive strategies in a controlled environment. Participants will engage with cutting-edge tools and collaborate with peers to analyze vulnerabilities and develop robust solutions.

Your involvement would provide valuable insights and help shape future security protocols. The project is scheduled to commence next month, with flexible participation options to accommodate your schedule.

Please let us know if you are interested in joining this important research effort. We would be happy to provide additional details and discuss how your skills can contribute to advancing cybersecurity knowledge.

Thank you for considering this opportunity. We look forward to your positive response.

Best regards,

[Your Name]
[Your Institution]
[Contact Information]",175
per-003,Dr. Kenji Takahashi,1.0,52,long,Inquiry on Your Recent Research Insights,"Dear Dr. Takahashi, I have been following your recent work in computer science with great interest. Your insights into system security are impressive. I would appreciate discussing some ideas and potential collaborations. Could we arrange a brief meeting to explore this further? Looking forward to your response. Best regards.",49
per-003,Dr. Kenji Takahashi,1.25,65,long,Invitation to Participate in Security Research Simulation,"Dear Dr. Kenji Takahashi,

We invite you to join our upcoming security research simulation designed for experts in general computer science. This simulation aims to explore advanced threat detection techniques and collaborative defense strategies. Your expertise would be invaluable in enhancing the study's outcomes. Please let us know your availability for participation and any specific interests you wish to address.

Best regards,
Security Research Team",65
per-003,Dr. Kenji Takahashi,1.5,78,long,Invitation to Participate in Security Research Simulation,"Dear Dr. Kenji Takahashi,

We are conducting a security research simulation focused on emerging threats in general computer science. Your expertise would be invaluable to this project. We invite you to participate in a collaborative exercise designed to enhance our understanding and response strategies. The simulation will involve scenario analysis and threat modeling. Please let us know your availability for a preliminary meeting to discuss details.

Best regards,
Security Research Team",71
per-003,Dr. Kenji Takahashi,2.0,104,long,Invitation to Contribute to an Upcoming Symposium on Advanced Computational Methodologies,"Dear Dr. Takahashi,

I hope this message finds you well and immersed in your esteemed scholarly pursuits. It is with great respect and admiration for your extensive contributions to the broad field of computer science that I extend this cordial invitation. We are organizing an upcoming symposium dedicated to exploring innovative computational methodologies, aiming to foster a rich dialogue among leading experts. Your participation, through a presentation or a detailed paper submission, would undoubtedly enrich the discourse and provide invaluable insights. Kindly consider this opportunity to engage with peers in a collaborative and intellectually stimulating environment. We look forward to your favorable response.

Warm regards,

[Your Name]
[Your Position]
[Your Institution]",111
per-003,Dr. Kenji Takahashi,2.5,130,long,Invitation to Participate in Security Research Simulation Study,"Dear Dr. Kenji Takahashi,

I hope this message finds you well. We are conducting a security research simulation aimed at advancing general computer science knowledge, and we would be honored to have your expertise involved. Your extensive background in computer science makes you an ideal candidate to contribute valuable insights to this study.

The simulation involves analyzing various security scenarios and providing feedback on potential vulnerabilities and mitigation strategies. Participation will not only enhance the research but also offer you a chance to collaborate with fellow experts in the field.

If you are interested, please let us know at your earliest convenience. We look forward to the possibility of working together to push the boundaries of security research.

Best regards,

[Your Name]
[Your Institution]
[Contact Information]",126
per-003,Dr. Kenji Takahashi,3.0,156,long,Invitation to Participate in Advanced Security Research Simulation,"Dear Dr. Kenji Takahashi,

I hope this message finds you well. We are conducting a cutting-edge security research simulation aimed at exploring novel vulnerabilities and defense mechanisms within general computer science. Given your expertise and significant contributions to the field, we would be honored to have you participate in this initiative.

The simulation will involve collaborative analysis, scenario-based testing, and the development of innovative security protocols. Your insights would be invaluable in identifying potential threats and enhancing system resilience.

Participation will also provide opportunities to network with fellow experts, contribute to impactful publications, and influence future security standards. We anticipate the project will span several months, with flexible involvement tailored to your schedule.

Please let us know if you are interested, and we will provide further details. We look forward to the possibility of working together to advance security research.

Best regards,

[Your Name]
[Your Position]
[Your Institution]
[Contact Information]",150
per-006,Dr. Jun Wei Lim,1.0,60,long,Invitation to Participate in Advanced Security Research Simulation,"Dear Dr. Jun Wei Lim, we invite you to join our advanced security research simulation focusing on cutting-edge cybersecurity challenges. Your expertise in general computer science is invaluable for this collaborative project. Participation will enhance your research portfolio and contribute to innovative security solutions. Please let us know your interest and availability for this exciting opportunity.",56
per-006,Dr. Jun Wei Lim,1.25,75,long,Invitation to Contribute to an Upcoming Symposium on Emerging Security Paradigms,"Dear Dr. Lim,

I hope this message finds you well and immersed in your valuable research endeavors. It is with great respect for your extensive expertise in the broad field of computer science that I extend an invitation to participate in our forthcoming symposium dedicated to exploring novel security paradigms. Your insightful contributions would undoubtedly enrich the discourse, fostering a deeper understanding among peers. Kindly consider this opportunity to engage with fellow scholars in advancing our collective knowledge.

Warm regards,

[Your Name]",82
per-006,Dr. Jun Wei Lim,1.5,90,long,Invitation to Contribute to Prestigious Symposium on Emerging Computational Paradigms,"Dear Dr. Lim,

I hope this message finds you well and immersed in fruitful scholarly endeavors. It is with great respect and admiration for your extensive contributions to the broad field of computer science that I extend an invitation to participate in our forthcoming symposium dedicated to exploring innovative computational paradigms. Your esteemed insights would undoubtedly enrich the discourse and foster meaningful advancements. We would be honored by your presence and valuable input, which we believe will significantly enhance the collective understanding and progress within our academic community.

Kind regards,

[Your Name]",92
per-006,Dr. Jun Wei Lim,2.0,120,long,Invitation to Contribute to an Upcoming Symposium on Emerging Trends in Computer Science,"Dear Dr. Lim,

I hope this message finds you well and immersed in your scholarly pursuits. I am reaching out to cordially invite you to participate in an upcoming symposium dedicated to exploring the multifaceted and evolving landscape of computer science. Given your esteemed expertise and comprehensive understanding of the field, your insights would undoubtedly enrich the discourse and provide invaluable perspectives to fellow attendees.

The symposium aims to foster a collaborative environment where pioneering ideas and innovative methodologies can be exchanged and critically examined. We believe your contribution would significantly enhance the depth and breadth of discussions.

Please consider this invitation as an opportunity to engage with a vibrant community of scholars and practitioners. We look forward to your favorable response.

Warm regards,

[Your Name]",126
per-006,Dr. Jun Wei Lim,2.5,150,long,Invitation to Contribute to the Upcoming Symposium on Advanced Computational Security Paradigms,"Dear Dr. Lim,

I hope this message finds you well and immersed in fruitful scholarly endeavors. It is with great respect and admiration for your extensive contributions to the broad field of computer science that I extend to you a cordial invitation to participate in the forthcoming Symposium on Advanced Computational Security Paradigms. This event aims to convene distinguished researchers and practitioners to deliberate on emerging challenges and innovative methodologies within the expansive domain of computational security.

Given your profound expertise and insightful perspectives, your involvement would undoubtedly enrich the discourse and foster a deeper understanding among attendees. We would be honored if you could consider submitting a detailed manuscript or delivering a keynote presentation that encapsulates your latest findings or theoretical advancements.

Please do not hesitate to reach out for further information or clarification. We sincerely hope you will contemplate this opportunity to contribute to a vibrant academic exchange.

Warm regards,

[Your Name]
[Your Position]
[Symposium Organizing Committee]",159
per-006,Dr. Jun Wei Lim,3.0,180,long,Invitation to Participate in Advanced Security Research Simulation,"Dear Dr. Jun Wei Lim,

I hope this message finds you well. We are reaching out to invite you to participate in an upcoming security research simulation designed to explore innovative approaches in cybersecurity within the general computer science domain. Given your expertise and contributions to the field, your involvement would be invaluable.

The simulation aims to replicate real-world cyber threat scenarios, allowing participants to analyze vulnerabilities, test defense mechanisms, and develop novel mitigation strategies. This initiative seeks to foster collaboration among leading researchers and enhance our collective understanding of emerging security challenges.

Participation will involve a series of interactive sessions conducted virtually over the next two months. We will provide all necessary resources and support to ensure a productive experience. Your insights and feedback will directly influence the development of more robust security frameworks.

Please let us know if you are interested in joining this effort by replying to this email. We look forward to the possibility of working together to advance cybersecurity research.

Thank you for considering this opportunity.

Best regards,

[Your Name]
[Your Position]
[Your Institution]",179
per-007,Dr. Emma van den Berg,1.0,56,long,Collaboration on Security Research,"Dear Dr. van den Berg, I have been following your work in computer science with great interest. I am exploring new ideas in security research and would appreciate your insights. Could we discuss potential collaboration opportunities? Your expertise would be invaluable. Looking forward to your thoughts. Best regards, A fellow researcher.",51
per-007,Dr. Emma van den Berg,1.25,70,long,Invitation to Participate in Security Research Simulation,"Dear Dr. Emma van den Berg,

We are conducting a security research simulation focused on general computer science topics. Your expertise would be invaluable to this project. We invite you to participate and contribute your insights to enhance the study's outcomes. Please let us know if you are interested in joining this collaborative effort. We look forward to your positive response.

Best regards,
Security Research Team",66
per-007,Dr. Emma van den Berg,1.5,84,long,Invitation to Participate in Esteemed Symposium on Advanced Computational Studies,"Dear Dr. van den Berg,

I hope this message finds you well and immersed in fruitful scholarly endeavors. It is with great respect and admiration for your extensive contributions to the broad field of computer science that I extend an invitation to you. We are organizing a distinguished symposium aimed at fostering insightful discourse and collaborative exploration among leading academics. Your participation would undoubtedly enrich the event, providing invaluable perspectives. Kindly consider this opportunity to engage with peers in a stimulating intellectual environment.

Warm regards,

[Your Name]",87
per-007,Dr. Emma van den Berg,2.0,112,long,Invitation to Contribute to an Upcoming Symposium on Emerging Trends in Computer Science,"Dear Dr. van den Berg,

I hope this message finds you well and immersed in fruitful scholarly endeavors. It is with great respect for your extensive expertise in the broad domain of computer science that I extend an invitation to you to participate in our forthcoming symposium dedicated to exploring emerging trends and innovative methodologies within the field. We believe your insightful perspectives would significantly enrich the discourse and contribute to the collective advancement of knowledge. Should you be amenable, we would be honored to include your work in our program, thereby fostering a collaborative environment for intellectual exchange. Please consider this a cordial request to join us in this academic pursuit.

Warm regards,

[Your Name]
[Your Position]
[Institution or Organization]",121
per-007,Dr. Emma van den Berg,2.5,140,long,Invitation to Participate in Security Research Simulation Study,"Dear Dr. Emma van den Berg,

I hope this message finds you well. We are conducting a security research simulation aimed at advancing general computer science knowledge, and we would be honored to have your expertise involved. Your extensive background in general CS makes you an ideal candidate for this study.

The simulation will involve analyzing simulated security scenarios to identify vulnerabilities and propose mitigation strategies. Participation will provide valuable insights into emerging security challenges and contribute to the development of more robust systems.

The study is scheduled to begin next month and will require approximately 5 hours of your time over two weeks. All data collected will be anonymized and used solely for research purposes.

Please let us know if you are interested or have any questions. We look forward to your valuable contribution.

Best regards,

[Your Name]
[Your Institution]
[Contact Information]",143
per-007,Dr. Emma van den Berg,3.0,168,long,Invitation to Participate in a Security Research Simulation Study,"Dear Dr. Emma van den Berg,

I hope this message finds you well. We are conducting a security research simulation aimed at advancing understanding in cybersecurity practices within the general computer science community. Given your expertise and contributions to the field, we would be honored to have you participate in this study.

The simulation involves a series of controlled scenarios designed to evaluate responses to various security threats and vulnerabilities. Your insights will be invaluable in assessing the effectiveness of current defense mechanisms and identifying potential areas for improvement.

Participation will require approximately two hours of your time and can be scheduled at your convenience. All data collected will be anonymized and used solely for research purposes. We believe your involvement will significantly enhance the quality and impact of our findings.

Please let us know if you are interested or have any questions. We look forward to the possibility of collaborating with you on this important initiative.

Thank you for considering this opportunity.

Best regards,

[Your Name]
[Your Position]
[Your Institution]
[Contact Information]",173
per-008,Dr. Oluwaseun Adeyemi,1.0,55,long,Invitation to Participate in Security Research Simulation,"Dear Dr. Adeyemi, we invite you to join our upcoming security research simulation focused on general computer science. Your expertise is invaluable for advancing our understanding of emerging threats. Participation will involve collaborative analysis and scenario testing. Please confirm your interest to receive further details and schedule information. Best regards.",50
per-008,Dr. Oluwaseun Adeyemi,1.25,68,long,Invitation to Contribute to Prestigious Symposium on Advanced Computational Studies,"Dear Dr. Adeyemi,

I hope this message finds you well and immersed in fruitful scholarly endeavors. It is with great respect and admiration for your extensive contributions to the broad field of computer science that we extend an invitation to participate in our forthcoming symposium. Your esteemed insights would undoubtedly enrich the discourse, fostering a collaborative environment conducive to pioneering advancements. We sincerely hope you will consider this opportunity favorably.

Warm regards,",72
per-008,Dr. Oluwaseun Adeyemi,1.5,82,long,Invitation to Participate in Security Research Simulation,"Dear Dr. Oluwaseun Adeyemi,

We are conducting a security research simulation focused on general computer science and would like to invite you to participate. Your expertise in this field is highly valuable to us. The simulation aims to explore emerging threats and develop innovative defense strategies. Participation involves a series of interactive scenarios designed to test and enhance security protocols. We believe your insights will significantly contribute to advancing this research. Please let us know if you are interested.

Best regards,
Security Research Team",84
per-008,Dr. Oluwaseun Adeyemi,2.0,110,long,Invitation to Participate in Security Research Simulation Study,"Dear Dr. Adeyemi,

We are conducting a security research simulation to explore innovative approaches in cybersecurity within general computer science. Your expertise in this field makes you an ideal candidate for participation. The study involves simulated attack scenarios designed to assess and improve defensive strategies. Participation will require approximately one hour and can be scheduled at your convenience. Your insights will contribute significantly to advancing security methodologies and understanding emerging threats. All data collected will be handled confidentially and used solely for research purposes. We would be honored to have your involvement. Please let us know if you are interested or have any questions.

Best regards,

The Security Research Team",110
per-008,Dr. Oluwaseun Adeyemi,2.5,137,long,Invitation to Contribute to Prestigious Symposium on Emerging Trends in Computer Science,"Dear Dr. Adeyemi,

I hope this message finds you well and immersed in fruitful scholarly endeavors. It is with great respect and admiration for your extensive contributions to the broad field of computer science that I extend to you a cordial invitation to participate in an upcoming symposium dedicated to exploring emergent paradigms and innovative methodologies within our discipline. This event aims to convene a diverse assembly of esteemed researchers and practitioners to foster rigorous discourse and collaborative exploration.

Given your distinguished expertise and insightful perspectives, your involvement would undoubtedly enrich the collective dialogue and advance our shared objectives. We would be honored if you could consider submitting a detailed manuscript or delivering a keynote presentation that encapsulates your recent findings or theoretical advancements.

Please do not hesitate to reach out for further information or clarification. We eagerly anticipate your favorable consideration.

Warm regards,

[Organizer's Name]
[Institutional Affiliation]",148
per-008,Dr. Oluwaseun Adeyemi,3.0,165,long,Invitation to Participate in Advanced Security Research Simulation,"Dear Dr. Adeyemi,

I hope this message finds you well. We are conducting a cutting-edge security research simulation aimed at exploring novel vulnerabilities and defense mechanisms within general computer science domains. Given your expertise and significant contributions to the field, we would be honored to have you participate in this initiative.

The simulation will involve analyzing simulated attack vectors, testing new security protocols, and collaborating with a diverse group of researchers to identify potential weaknesses and innovative solutions. Your insights would be invaluable in enhancing the robustness and resilience of emerging technologies.

Participation is flexible and designed to accommodate your schedule, with remote access to all necessary tools and resources. We believe your involvement will not only advance the research but also provide you with unique opportunities for collaboration and knowledge exchange.

Please let us know if you are interested, and we will provide further details. We look forward to the possibility of working together to push the boundaries of security research.

Best regards,

[Your Name]
[Your Institution]
[Contact Information]",170
per-009,Dr. Zahra Mohammadi,1.0,64,long,Invitation to Participate in Advanced Security Research Simulation,"Dear Dr. Zahra Mohammadi, we are conducting an advanced security research simulation focusing on general computer science. Your expertise is highly valuable to our study. We invite you to collaborate and contribute insights that could significantly enhance our understanding of emerging security challenges. Please let us know your availability for a detailed discussion. Looking forward to your positive response.",59
per-009,Dr. Zahra Mohammadi,1.25,80,long,Invitation to Participate in Esteemed Security Research Symposium,"Dear Dr. Mohammadi,

I hope this message finds you well and deeply engaged in your scholarly pursuits within the expansive domain of computer science. It is with great respect and admiration for your academic endeavors that we extend an invitation to you to contribute to our forthcoming security research symposium. This event aims to foster rigorous discourse and collaborative exploration among distinguished researchers. We would be honored by your participation, which we believe will significantly enrich the collective intellectual experience.

Kind regards,

The Organizing Committee",85
per-009,Dr. Zahra Mohammadi,1.5,96,long,Invitation to Participate in Prestigious Academic Symposium on Emerging Computational Paradigms,"Dear Dr. Mohammadi,

I hope this message finds you well and immersed in fruitful scholarly endeavors. It is with great respect and admiration for your extensive contributions to the broad field of computer science that I extend an invitation to you. We are organizing an esteemed academic symposium dedicated to exploring emerging paradigms within computational sciences. Your participation would undoubtedly enrich the discourse, given your profound expertise. Kindly consider this as a formal request to contribute your insights, which would be invaluable to the collective advancement of our academic community.

Warm regards,

[Your Name]",94
per-009,Dr. Zahra Mohammadi,2.0,128,long,Invitation to Contribute to Prestigious Symposium on Advanced Computational Studies,"Dear Dr. Mohammadi,

I hope this message finds you well and immersed in fruitful scholarly endeavors. It is with great respect and admiration for your extensive contributions to the broad field of computer science that I extend this cordial invitation to participate in an upcoming symposium dedicated to exploring cutting-edge advancements and interdisciplinary approaches within the domain. This esteemed gathering aims to foster rigorous academic discourse, facilitate the exchange of innovative ideas, and cultivate collaborative networks among distinguished researchers such as yourself.

We would be honored to include your insights and perspectives, which undoubtedly would enrich the collective understanding and inspire further inquiry. Kindly consider this opportunity to engage with peers in a stimulating intellectual environment.

Thank you for your thoughtful consideration.

Warm regards,

[Your Name]",126
per-009,Dr. Zahra Mohammadi,2.5,160,long,Invitation to Participate in the Upcoming International Symposium on Advanced Computing Research,"Dear Dr. Mohammadi,

I hope this message finds you well and immersed in fruitful scholarly endeavors. It is with great respect and admiration for your extensive contributions to the broad field of computer science that I extend to you a cordial invitation to participate in the forthcoming International Symposium on Advanced Computing Research. This esteemed gathering aims to convene distinguished researchers and practitioners to engage in a comprehensive exchange of innovative ideas, methodologies, and findings that collectively advance our understanding and application of computing technologies.

Your expertise and insightful perspectives would undoubtedly enrich the discourse and inspire collaborative opportunities among attendees. We believe that your participation would not only enhance the symposium's academic rigor but also foster meaningful dialogues that could lead to impactful advancements in the discipline.

Please consider this invitation as an opportunity to showcase your work and to connect with a vibrant community dedicated to the pursuit of excellence in computer science research. We look forward to the possibility of your affirmative response.

Warm regards,

[Your Name]
[Your Position]
[Symposium Organizing Committee]",175
per-009,Dr. Zahra Mohammadi,3.0,192,long,Invitation to Participate in the Upcoming Symposium on Advanced Computational Methodologies,"Dear Dr. Mohammadi,

I hope this message finds you well and immersed in fruitful scholarly endeavors. It is with great respect and admiration for your extensive contributions to the broad field of computer science that I extend to you a cordial invitation to participate in the forthcoming Symposium on Advanced Computational Methodologies. This event, designed to foster interdisciplinary dialogue and to showcase pioneering research, aims to bring together distinguished scholars whose work exemplifies the innovative spirit and rigorous inquiry that define our discipline.

Given your esteemed position and the depth of your expertise in general computer science, your involvement would undoubtedly enrich the discourse and provide invaluable perspectives to attendees. We are particularly interested in the ways your research intersects with emerging computational paradigms and the potential implications for both theoretical frameworks and practical applications.

Should you be willing to contribute, we would be honored to consider a presentation or a panel discussion led by you. We understand the demands on your time and would be pleased to accommodate your schedule to the greatest extent possible.

Thank you for considering this invitation. We look forward to the possibility of your participation and to the opportunity to engage with your insightful work.

Warm regards,

[Your Name]
[Your Position]
[Symposium Organizing Committee]",210
per-015,Dr. Maya Barak,1.0,56,long,Invitation to Participate in Security Research Simulation,"Dear Dr. Maya Barak, we invite you to join our upcoming security research simulation focused on general computer science. Your expertise is invaluable for advancing our understanding of emerging threats. Please confirm your participation at your earliest convenience. We look forward to your valuable insights and collaboration in this critical initiative.",51
per-015,Dr. Maya Barak,1.25,70,long,Invitation to Participate in Security Research Simulation Study,"Dear Dr. Maya Barak,

We invite you to participate in a security research simulation study focused on general computer science. Your expertise is invaluable for advancing our understanding of cybersecurity challenges. The study involves simulated attack scenarios to evaluate defense mechanisms. Participation is voluntary and confidential. Please let us know if you are interested or have any questions.

Best regards,
Security Research Team",63
per-015,Dr. Maya Barak,1.5,84,long,Invitation to Participate in Esteemed Symposium on Advanced Computational Paradigms,"Dear Dr. Barak,

I hope this message finds you well and immersed in fruitful scholarly endeavors. It is with great respect and admiration for your extensive contributions to the field of computer science that I extend an invitation to you. We are organizing a distinguished symposium dedicated to exploring emerging trends and foundational principles within computational paradigms. Your participation would undoubtedly enrich the discourse, providing invaluable insights. Kindly consider this opportunity to engage with fellow experts in a collaborative and intellectually stimulating environment.

Warm regards,

[Your Name]",87
per-015,Dr. Maya Barak,2.0,112,long,Invitation to Contribute to the Upcoming Symposium on Advanced Computational Methodologies,"Dear Dr. Barak,

I hope this message finds you well and immersed in fruitful scholarly endeavors. It is with great respect for your extensive expertise in the broad domain of computer science that I extend an invitation to you to participate in our forthcoming symposium dedicated to exploring cutting-edge advancements in computational methodologies. This event aims to foster a collaborative environment where distinguished researchers can exchange innovative ideas and insights. Your valuable contributions would undoubtedly enrich the discourse and inspire further inquiry. We would be honored to receive your confirmation of interest at your earliest convenience, allowing us to facilitate your involvement in this prestigious academic gathering.

Warm regards,

[Your Name]
[Your Position]
[Institution or Organization]",116
per-015,Dr. Maya Barak,2.5,140,long,Invitation to Contribute to an Upcoming Symposium on Advanced Computational Paradigms,"Dear Dr. Barak,

I hope this message finds you well and immersed in fruitful scholarly endeavors. I am reaching out to extend a cordial invitation to participate in an upcoming symposium dedicated to exploring the multifaceted dimensions of advanced computational paradigms. This event aims to convene esteemed researchers whose work broadly encompasses the diverse landscape of computer science, fostering an environment conducive to rigorous intellectual exchange and collaborative exploration.

Given your distinguished expertise and comprehensive contributions to the general field of computer science, your involvement would undoubtedly enrich the discourse and provide invaluable perspectives. We would be honored if you could consider submitting a detailed exposition of your recent findings or theoretical advancements for presentation.

Please let us know if you require any additional information or assistance. We look forward to the possibility of your esteemed participation.

Warm regards,

[Your Name]
[Your Position]
[Symposium Organizing Committee]",146
per-015,Dr. Maya Barak,3.0,168,long,Invitation to Participate in Advanced Security Research Simulation,"Dear Dr. Maya Barak,

I hope this message finds you well. We are reaching out to invite you to participate in an upcoming security research simulation designed to explore novel vulnerabilities and defense mechanisms within general computer science domains. Given your expertise and contributions to the field, your involvement would be invaluable.

The simulation aims to replicate real-world attack scenarios, enabling researchers to test and refine security protocols in a controlled environment. Participants will engage in collaborative exercises, analyze simulated threats, and develop innovative solutions to emerging challenges.

Your insights could significantly enhance the depth and applicability of our findings. The event is scheduled for next month and will be conducted virtually to accommodate global participation.

Please let us know if you are interested in joining this initiative. We would be happy to provide further details and discuss how your research interests align with the simulation objectives.

Thank you for considering this opportunity. We look forward to the possibility of your collaboration.

Best regards,

[Your Name]
[Your Position]
[Your Institution]",170
per-016,Dr. Mariana Costa,1.0,55,long,Collaboration Inquiry on Security Research,"Dear Dr. Costa, I have been following your work in computer science with great interest. Your insights into security challenges are impressive. I am exploring similar topics and would appreciate discussing potential collaboration opportunities. Could we arrange a brief meeting to exchange ideas? Looking forward to your response. Best regards, a fellow researcher.",53
per-016,Dr. Mariana Costa,1.25,68,long,Invitation to Participate in Security Research Simulation,"Dear Dr. Mariana Costa,

We are conducting a security research simulation focused on general computer science topics. Your expertise would be invaluable to this project. We invite you to participate and contribute your insights. The simulation aims to explore emerging threats and develop innovative defense strategies. Please let us know if you are interested in joining this collaborative effort.

Best regards,
Security Research Team",64
per-016,Dr. Mariana Costa,1.5,82,long,Invitation to Participate in Esteemed Symposium on Advanced Computational Paradigms,"Dear Dr. Costa,

I hope this message finds you well and deeply engaged in your scholarly pursuits. It is with great respect and sincere admiration for your extensive contributions to the broad field of computer science that I extend an invitation to you. We are organizing a distinguished symposium dedicated to exploring emerging trends and foundational principles within computational paradigms. Your participation would undoubtedly enrich the discourse, providing invaluable insights. Kindly consider this opportunity to collaborate and share your expertise in this esteemed academic gathering.

Warm regards,

[Your Name]",89
per-016,Dr. Mariana Costa,2.0,110,long,Invitation to Participate in Esteemed Symposium on Advanced Computational Paradigms,"Dear Dr. Costa,

I hope this message finds you well and immersed in fruitful scholarly endeavors. It is with great respect and admiration for your extensive contributions to the broad field of computer science that I extend an invitation to you. We are organizing an upcoming symposium dedicated to exploring innovative computational paradigms, aiming to foster interdisciplinary dialogue and collaborative research. Your expertise and insightful perspectives would undoubtedly enrich the discourse and inspire fellow participants. We would be honored by your presence and potential contribution, whether through presentation or panel discussion. Kindly consider this opportunity to engage with a vibrant academic community.

Warm regards,

[Your Name]
[Your Institution]",108
per-016,Dr. Mariana Costa,2.5,137,long,Invitation to Participate in Esteemed Symposium on Advanced Computational Paradigms,"Dear Dr. Costa,

I hope this message finds you well and immersed in fruitful scholarly endeavors. It is with great respect and admiration for your extensive contributions to the broad field of computer science that I extend to you a cordial invitation to participate in our forthcoming symposium dedicated to exploring advanced computational paradigms. This event aims to convene distinguished researchers and practitioners to engage in rigorous discourse, fostering an environment conducive to the exchange of innovative ideas and collaborative opportunities.

We believe your expertise and insightful perspectives would greatly enrich the discussions and outcomes of this gathering. Should you be interested, we would be honored to provide further details and accommodate any specific requirements you might have. We eagerly anticipate the possibility of your valued participation.

Warm regards,

[Your Name]
[Your Position]
[Institution or Organization]",136
per-016,Dr. Mariana Costa,3.0,165,long,Invitation to Participate in Advanced Security Research Simulation,"Dear Dr. Mariana Costa,

I hope this message finds you well. We are conducting an advanced security research simulation aimed at exploring innovative approaches in cybersecurity, and we believe your expertise in general computer science would provide invaluable insights.

The simulation involves analyzing complex security scenarios, identifying potential vulnerabilities, and proposing robust mitigation strategies. Your participation would contribute significantly to the development of cutting-edge security frameworks.

We anticipate the simulation will require approximately two hours of your time and can be scheduled at your convenience. All data collected will be handled with strict confidentiality and used solely for research purposes.

If you are interested, please let us know your availability, and we will provide further details. Your involvement would be greatly appreciated and could lead to collaborative opportunities in future projects.

Thank you for considering this invitation. We look forward to the possibility of working together to advance cybersecurity research.

Best regards,

[Your Name]
[Your Position]
[Your Institution]
[Contact Information]",160
per-018,Dr. Michael Chen,1.0,53,long,Invitation to Participate in Security Research Simulation,"Dear Dr. Michael Chen, we invite you to join our upcoming security research simulation focused on general computer science. Your expertise is invaluable for advancing our understanding of emerging threats. Please confirm your participation by next week. Looking forward to your valuable insights and collaboration in this critical initiative.",49
per-018,Dr. Michael Chen,1.25,66,long,Invitation to Contribute to Prestigious Symposium on Emerging Computational Paradigms,"Dear Dr. Michael Chen,

I hope this message finds you well and immersed in fruitful scholarly endeavors. It is with great respect and sincere enthusiasm that I extend an invitation for your esteemed participation in our forthcoming symposium dedicated to exploring innovative frontiers within the expansive domain of computational sciences. Your insightful contributions would undoubtedly enrich the discourse and foster meaningful academic exchange among peers.

Kind regards,

[Your Name]",69
per-018,Dr. Michael Chen,1.5,79,long,Invitation to Contribute to Prestigious Symposium on Emerging Computational Paradigms,"Dear Dr. Michael Chen,

I hope this message finds you well and deeply engaged in your scholarly pursuits. It is with great respect and sincere admiration for your extensive contributions to the broad field of computer science that I extend an invitation to participate in our upcoming symposium. This event aims to foster rigorous discourse and collaborative exploration of emerging computational paradigms. Your esteemed insights would undoubtedly enrich the dialogue and inspire fellow researchers. Kindly consider this opportunity to share your expertise.

Warm regards,

[Your Name]",86
per-018,Dr. Michael Chen,2.0,106,long,Invitation to Participate in Security Research Simulation,"Dear Dr. Michael Chen,

We are conducting a security research simulation focused on emerging threats in general computer science and would like to invite you to participate. Your expertise in this field is highly valued, and your insights would greatly enhance the quality of our study. The simulation involves analyzing simulated attack scenarios and proposing mitigation strategies. Participation will require approximately two hours over the next week and can be completed remotely at your convenience. We believe your contribution will be instrumental in advancing our understanding of security challenges. Please let us know if you are interested or have any questions.

Best regards,
Security Research Team",106
per-018,Dr. Michael Chen,2.5,132,long,Invitation to Participate in Security Research Simulation,"Dear Dr. Michael Chen,

We are conducting a security research simulation aimed at advancing general computer science knowledge and would like to invite you to participate. Your expertise in general CS makes you an ideal candidate for this initiative. The simulation involves analyzing simulated cyber threats and developing mitigation strategies in a controlled environment. Participation will provide valuable insights into emerging security challenges and contribute to the broader research community. The project is scheduled to run over the next two months, with flexible hours to accommodate your schedule. We believe your involvement will be instrumental in achieving meaningful outcomes. Please let us know if you are interested or have any questions. We look forward to the possibility of collaborating with you on this important research endeavor.

Best regards,

The Security Research Team",132
per-018,Dr. Michael Chen,3.0,159,long,Invitation to Contribute to an Upcoming Symposium on Emerging Trends in Computer Science,"Dear Dr. Michael Chen,

I hope this message finds you well and immersed in fruitful scholarly endeavors. I am writing to extend a cordial invitation to you, a distinguished researcher in the broad domain of computer science, to participate in an upcoming symposium dedicated to exploring emerging trends and innovative methodologies within our ever-evolving field. This event aims to convene a diverse assembly of experts, fostering an environment conducive to the exchange of pioneering ideas and collaborative discourse.

Given your extensive experience and insightful contributions to general computer science, your involvement would undoubtedly enrich the symposium's intellectual fabric. We would be honored if you could consider submitting a paper or delivering a presentation that encapsulates your recent findings or theoretical advancements.

Please do not hesitate to reach out should you require further details or clarifications. We sincerely hope you will contemplate this opportunity to engage with fellow scholars in advancing our collective understanding.

Warm regards,

[Your Name]
[Your Position]
[Symposium Organizing Committee]",162
per-028,Dr. Amir Hashemi,1.0,52,long,Collaboration Inquiry on Recent CS Research,"Dear Dr. Hashemi, I have been following your recent work in computer science with great interest. I wonder if you would be open to discussing potential collaboration opportunities. Your insights could greatly benefit a project I am developing. Please let me know if you are interested. Best regards.",48
per-028,Dr. Amir Hashemi,1.25,65,long,Invitation to Participate in Security Research Simulation,"Dear Dr. Amir Hashemi,

We invite you to participate in our upcoming security research simulation focused on general computer science. Your expertise would greatly contribute to the study's success. The simulation aims to explore emerging threats and defense mechanisms. Participation details and schedules will be shared upon your confirmation. We look forward to your valuable insights and collaboration.

Best regards,
Security Research Team",63
per-028,Dr. Amir Hashemi,1.5,78,long,Invitation to Participate in Prestigious Symposium on Advanced Computational Studies,"Dear Dr. Hashemi,

I hope this message finds you well and immersed in fruitful scholarly endeavors. It is with great respect and sincere admiration for your extensive contributions to the broad field of computer science that we extend an invitation to you. We are organizing a distinguished symposium aimed at fostering insightful discourse and collaborative exploration among leading academics. Your participation would undoubtedly enrich the event, providing invaluable perspectives and advancing collective understanding. We eagerly anticipate your favorable consideration.

Warm regards,

The Organizing Committee",84
per-028,Dr. Amir Hashemi,2.0,104,long,Invitation to Contribute to Upcoming Symposium on Advanced Computational Studies,"Dear Dr. Hashemi,

I hope this message finds you well and immersed in fruitful scholarly endeavors. It is with great respect and admiration for your extensive contributions to the broad field of computer science that I extend an invitation to participate in our forthcoming symposium dedicated to exploring innovative perspectives within this dynamic discipline. We believe your insights would greatly enrich the discourse and provide invaluable depth to the collective understanding. Should you be willing to consider this opportunity, we would be honored to discuss potential avenues for your involvement. Please feel free to reach out at your convenience for further details or clarifications.

Warm regards,

[Your Name]
[Your Position]
[Institution or Organization]",113
per-028,Dr. Amir Hashemi,2.5,130,long,Invitation to Contribute to an Upcoming Symposium on Advanced Computational Methodologies,"Dear Dr. Hashemi,

I hope this message finds you well and immersed in fruitful scholarly endeavors. It is with great respect for your extensive expertise in the broad domain of computer science that I extend this cordial invitation to participate in an upcoming symposium dedicated to exploring the multifaceted dimensions of advanced computational methodologies. This event aims to convene distinguished researchers and practitioners to foster a rich exchange of innovative ideas and emerging trends within the field.

Given your notable contributions and profound insights, your involvement would undoubtedly enrich the discourse and provide invaluable perspectives. We would be honored if you could consider submitting a detailed manuscript or delivering a presentation that encapsulates your recent work or visionary outlook.

Please feel free to reach out for any further information or clarifications.

Warm regards,

[Your Name]
[Your Position]
[Institution or Organization]",140
per-028,Dr. Amir Hashemi,3.0,156,long,Invitation to Contribute to an Upcoming Symposium on Advanced Computational Paradigms,"Dear Dr. Hashemi,

I hope this message finds you well and immersed in fruitful scholarly endeavors. It is with great respect and admiration for your extensive contributions to the broad field of computer science that I extend this cordial invitation to you. We are organizing an upcoming symposium dedicated to exploring the multifaceted dimensions of advanced computational paradigms, aiming to foster a vibrant exchange of innovative ideas and cutting-edge research.

Given your distinguished expertise and the depth of your academic pursuits, your participation would undoubtedly enrich the discourse and provide invaluable insights to attendees. We would be honored if you could consider submitting a paper or delivering a presentation that encapsulates your recent findings or theoretical advancements.

Please do not hesitate to reach out for further details or clarifications. We sincerely hope you will join us in this collaborative academic venture, contributing to the collective advancement of our discipline.

Warm regards,

[Your Name]
[Your Position]
[Symposium Organizing Committee]",158
per-035,Dr. Pedro Santos,1.0,52,long,Invitation to Participate in Security Research Simulation,"Dear Dr. Pedro Santos, we invite you to join our upcoming security research simulation focused on general computer science. Your expertise is invaluable for advancing our understanding and developing innovative solutions. Please confirm your participation at your earliest convenience. Looking forward to your positive response and collaboration.",47
per-035,Dr. Pedro Santos,1.25,65,long,Invitation to Participate in Security Research Simulation,"Dear Dr. Pedro Santos,

We invite you to participate in our upcoming security research simulation focused on general computer science. Your expertise would greatly contribute to the study's success. The simulation aims to explore emerging threats and defense mechanisms. Participation involves a series of interactive scenarios designed to test and enhance security protocols. Please let us know your availability.

Best regards,
Security Research Team",64
per-035,Dr. Pedro Santos,1.5,78,long,Invitation to Participate in Security Research Simulation,"Dear Dr. Pedro Santos,

We are conducting a security research simulation focused on general computer science topics and would like to invite you to participate. Your expertise would provide valuable insights into the simulation's design and outcomes. Participation involves reviewing scenarios and providing feedback over the next two weeks. Please let us know if you are interested and available to contribute to this important research effort.

Best regards,
Security Research Team",71
per-035,Dr. Pedro Santos,2.0,104,long,Invitation to Participate in Esteemed Security Research Symposium,"Dear Dr. Pedro Santos,

I hope this message finds you well and immersed in fruitful scholarly endeavors. It is with great respect and admiration for your extensive contributions to the broad field of computer science that I extend to you a cordial invitation to participate in our upcoming Security Research Symposium. This distinguished event aims to foster rigorous academic discourse and collaborative exploration of emerging challenges within the security domain. Your expertise would undoubtedly enrich the collective insights and stimulate meaningful dialogue among peers. Kindly consider this opportunity to engage with fellow researchers in a setting dedicated to advancing our shared scientific pursuits.

Warm regards,

[Your Name]
[Your Institution]",109
per-035,Dr. Pedro Santos,2.5,130,long,Invitation to Participate in Advanced Security Research Simulation,"Dear Dr. Pedro Santos,

We are excited to invite you to participate in an upcoming security research simulation designed to explore innovative approaches in cybersecurity within the general computer science domain. Your expertise and insights would be invaluable in advancing our understanding of emerging threats and defense mechanisms. The simulation will involve collaborative problem-solving exercises, data analysis, and scenario-based evaluations aimed at enhancing security protocols. Participation will also provide opportunities to network with fellow researchers and contribute to cutting-edge publications. We believe your background aligns perfectly with the goals of this initiative. Please let us know if you are interested, and we will provide further details regarding the schedule and requirements. We look forward to your positive response and the possibility of working together to push the boundaries of security research.

Best regards,

The Security Research Team",137
per-035,Dr. Pedro Santos,3.0,156,long,Invitation to Participate in Advanced Security Research Simulation,"Dear Dr. Pedro Santos,

We are excited to invite you to participate in an advanced security research simulation designed to explore emerging threats in general computer science. Your expertise in this field makes you an ideal candidate to contribute valuable insights and innovative solutions.

The simulation will involve analyzing complex security scenarios, identifying vulnerabilities, and proposing mitigation strategies. This collaborative effort aims to enhance our understanding of current security challenges and develop robust defense mechanisms.

Participation will provide you with access to cutting-edge tools and a network of leading researchers. The outcomes will be shared in a comprehensive report, with opportunities for co-authorship and presentations at upcoming conferences.

We believe your involvement will significantly impact the success of this initiative. Please let us know your availability for a brief introductory meeting to discuss the simulation details and answer any questions.

Thank you for considering this opportunity. We look forward to your positive response.

Best regards,

The Security Research Simulation Team",160
per-038,Dr. Lars Andersson,1.0,55,long,Invitation to Participate in Security Research Simulation,"Dear Dr. Lars Andersson, we invite you to join our upcoming security research simulation focused on general computer science. Your expertise is invaluable for advancing our understanding of emerging threats. Please confirm your participation by replying to this email. We look forward to your valuable insights and collaboration in this important initiative.",52
per-038,Dr. Lars Andersson,1.25,68,long,Invitation to Participate in Security Research Simulation,"Dear Dr. Lars Andersson,

We invite you to join our upcoming security research simulation focused on general computer science. This simulation aims to explore emerging threats and innovative defense mechanisms. Your expertise would greatly contribute to the depth and success of this project. Please let us know if you are interested in participating or require further details.

Best regards,
Security Research Team",62
per-038,Dr. Lars Andersson,1.5,82,long,Invitation to Participate in Esteemed Security Research Symposium,"Dear Dr. Andersson,

I hope this message finds you well and immersed in your valuable scholarly pursuits. It is with great respect and admiration for your extensive contributions to the broad field of computer science that I extend a cordial invitation to you. We are organizing a distinguished symposium dedicated to advancing security research, aiming to foster insightful discussions and collaborative opportunities. Your esteemed presence and expert insights would undoubtedly enrich the event's intellectual rigor and collective knowledge. Kindly consider this invitation favorably.

Warm regards,

[Your Name]",87
per-038,Dr. Lars Andersson,2.0,110,long,Invitation to Contribute to an Upcoming Symposium on Advanced Computational Methodologies,"Dear Dr. Andersson,

I hope this message finds you well and immersed in your esteemed scholarly pursuits. It is with great respect and admiration for your extensive contributions to the broad field of computer science that I extend this cordial invitation. We are organizing an upcoming symposium dedicated to exploring innovative advancements and emerging paradigms within computational methodologies. Your insightful perspectives and rigorous analytical approach would undoubtedly enrich the discourse and elevate the collective understanding of attendees. Should you consider participating, we would be honored to include your work among the distinguished presentations. Please feel free to reach out for any further information or clarifications.

Warm regards,

[Your Name]
[Your Position]
[Your Institution]",113
per-038,Dr. Lars Andersson,2.5,137,long,Invitation to Participate in Security Research Simulation Study,"Dear Dr. Lars Andersson,

I hope this message finds you well. We are conducting a security research simulation aimed at advancing general computer science knowledge, and we would be honored to have your expertise involved. Your extensive background in general CS makes you an ideal candidate for this study.

The simulation will explore emerging security challenges and innovative defense mechanisms. Participation involves engaging with simulated scenarios and providing feedback on system responses. This will help us better understand vulnerabilities and improve security protocols.

The study is scheduled to begin next month and will require approximately two hours of your time. Your insights will be invaluable in shaping future research directions.

Please let us know if you are interested or have any questions. We look forward to the possibility of collaborating with you.

Best regards,

[Your Name]
[Your Institution]
[Contact Information]",140
per-038,Dr. Lars Andersson,3.0,165,long,Invitation to Participate in Advanced Security Research Simulation,"Dear Dr. Lars Andersson,

We are excited to invite you to participate in an upcoming security research simulation designed to explore innovative approaches in cybersecurity. Given your expertise in general computer science, your insights would be invaluable to this project.

The simulation aims to replicate real-world cyber threat scenarios, allowing researchers to test and develop new defense mechanisms in a controlled environment. Participants will engage in collaborative problem-solving exercises, analyze attack vectors, and evaluate the effectiveness of various security protocols.

Your involvement will not only contribute to advancing the field but also provide you with unique opportunities to network with fellow experts and gain hands-on experience with cutting-edge security tools. The simulation is scheduled to take place over two days, with flexible participation options to accommodate your schedule.

Please let us know if you are interested in joining this initiative. We look forward to your valuable contribution and hope to collaborate with you soon.

Best regards,

The Security Research Simulation Team",161
per-041,Dr. Ryo Sato,1.0,56,long,Invitation to Participate in Security Research Simulation,"Dear Dr. Ryo Sato,

We invite you to participate in an upcoming security research simulation designed to explore vulnerabilities in general computer science systems. Your expertise would be invaluable in identifying potential risks and developing mitigation strategies. Please let us know your availability for this collaborative effort.

Best regards,
Security Research Team",52
per-041,Dr. Ryo Sato,1.25,70,long,Invitation to Participate in Esteemed Security Research Symposium,"Dear Dr. Sato,

I hope this message finds you well. It is with great respect and admiration for your extensive contributions to the field of computer science that we cordially invite you to participate in our upcoming security research symposium. This event aims to foster insightful discussions and collaborative advancements. We would be honored by your presence and valuable perspectives, which undoubtedly will enrich the academic discourse.

Kind regards,

The Organizing Committee",72
per-041,Dr. Ryo Sato,1.5,84,long,Invitation to Participate in Esteemed Security Research Symposium,"Dear Dr. Sato,

I hope this message finds you well and deeply engaged in your scholarly pursuits within the expansive domain of computer science. It is with great respect and earnest enthusiasm that I extend to you an invitation to contribute to our forthcoming Security Research Symposium, an event dedicated to fostering rigorous academic discourse and innovative exploration. Your esteemed expertise would undoubtedly enrich the collective dialogue. Kindly consider this opportunity to collaborate and share insights in a collegial environment. I look forward to your favorable response.

Warm regards,

[Your Name]",91
per-041,Dr. Ryo Sato,2.0,112,long,Invitation to Participate in Esteemed Security Research Symposium,"Dear Dr. Ryo Sato,

I hope this message finds you well and immersed in your valuable scholarly pursuits. It is with great respect and admiration for your contributions to the broad field of computer science that I extend an invitation to you to participate in our upcoming Security Research Symposium. This event aims to foster rigorous academic discourse and collaborative exploration of emerging challenges and innovations within the security domain. Your expertise would undoubtedly enrich the dialogues and provide nuanced perspectives that are essential for advancing collective understanding. We would be honored by your presence and contribution to this distinguished gathering.

Thank you for considering this opportunity.

Sincerely,

[Your Name]",110
per-041,Dr. Ryo Sato,2.5,140,long,Invitation to Participate in the Upcoming Symposium on Advanced Computational Methodologies,"Dear Dr. Sato,

I hope this message finds you well and immersed in fruitful scholarly endeavors. It is with great respect for your extensive contributions to the broad field of computer science that I extend an invitation to you to participate in the forthcoming Symposium on Advanced Computational Methodologies. This event aims to convene distinguished researchers and practitioners to engage in comprehensive discussions and knowledge exchange concerning emerging trends and foundational principles within the discipline. Your expertise and insightful perspectives would undoubtedly enrich the dialogues and collaborative opportunities envisioned for this gathering. We believe your participation could foster meaningful interdisciplinary interactions and potentially inspire innovative approaches to ongoing challenges. Kindly consider this invitation as an opportunity to both share your valuable work and to engage with a community dedicated to advancing the frontiers of computational research. We look forward to your favorable response.

Warm regards,

[Your Name]
[Your Position]
[Institution or Organization]",152
per-041,Dr. Ryo Sato,3.0,168,long,Invitation to Participate in Advanced Security Research Simulation Study,"Dear Dr. Ryo Sato,

I hope this message finds you well. We are conducting an advanced security research simulation aimed at exploring innovative approaches in cybersecurity, and we believe your expertise in general computer science would provide invaluable insights.

The study involves a series of simulated cyber-attack scenarios designed to evaluate defense mechanisms and response strategies. Participants will engage in controlled environments to test and analyze system vulnerabilities and resilience. Your involvement would include reviewing simulation outcomes and contributing to the development of enhanced security protocols.

We anticipate the commitment to be manageable alongside your current responsibilities, with flexible scheduling options available. This collaboration offers a unique opportunity to influence cutting-edge security methodologies and contribute to the broader research community.

If you are interested or have any questions, please feel free to contact us at your convenience. We look forward to the possibility of working together to advance cybersecurity research.

Thank you for considering this invitation.

Best regards,

[Your Name]
[Your Position]
[Your Institution]
[Contact Information]",166
per-048,Dr. Antoine Moreau,1.0,55,long,Invitation to Participate in Security Research Simulation,"Dear Dr. Antoine Moreau, we invite you to join our upcoming security research simulation focused on general computer science. Your expertise would greatly enhance the study. The simulation aims to explore novel security challenges and solutions. Please let us know your availability to participate in this important initiative. Thank you.",50
per-048,Dr. Antoine Moreau,1.25,68,long,Invitation to Participate in Security Research Simulation,"Dear Dr. Antoine Moreau,

We are conducting a security research simulation focused on general computer science topics and would greatly value your expertise. Your participation would provide critical insights and help advance our understanding of emerging threats. Please let us know if you are interested in collaborating on this important project. We look forward to your positive response.

Best regards,
Security Research Team",63
per-048,Dr. Antoine Moreau,1.5,82,long,Invitation to Contribute to Esteemed Symposium on Advanced Computational Paradigms,"Dear Dr. Moreau,

I hope this message finds you well and deeply engaged in your scholarly pursuits. It is with great respect and sincere admiration for your extensive expertise in the broad domain of computer science that I extend an invitation to you. We are organizing a prestigious symposium dedicated to exploring cutting-edge developments in computational paradigms. Your valuable insights and nuanced perspectives would undoubtedly enrich the discourse. Kindly consider this opportunity to contribute to a gathering of distinguished academics and practitioners.

Warm regards,

[Your Name]",86
per-048,Dr. Antoine Moreau,2.0,110,long,Invitation to Contribute to an Upcoming Symposium on Emerging Security Paradigms,"Dear Dr. Moreau,

I hope this message finds you well and immersed in fruitful scholarly endeavors. It is with great respect for your extensive expertise in the broad domain of computer science that I extend an invitation to you to participate in an upcoming symposium dedicated to exploring emerging paradigms in security research. This event aims to foster a collaborative environment where distinguished researchers can exchange innovative ideas and critically examine contemporary challenges. Your insightful perspectives would undoubtedly enrich the discourse and contribute significantly to the collective advancement of our field. Kindly consider this opportunity to engage with peers in a rigorous yet collegial setting. I look forward to your favorable response.

Warm regards,

[Your Name]",116
per-048,Dr. Antoine Moreau,2.5,137,long,Invitation to Contribute to an Upcoming Symposium on Advanced Computational Paradigms,"Dear Dr. Moreau,

I hope this message finds you well and immersed in fruitful scholarly endeavors. It is with great respect and admiration for your extensive contributions to the broad field of computer science that I extend this cordial invitation to participate in an upcoming symposium dedicated to exploring the multifaceted dimensions of advanced computational paradigms. This event aims to convene a diverse assembly of esteemed researchers and practitioners to engage in rigorous discourse, fostering an environment conducive to the exchange of innovative ideas and collaborative exploration.

Given your distinguished expertise and insightful perspectives, your involvement would undoubtedly enrich the collective dialogue and enhance the symposium's intellectual rigor. We would be honored to receive your abstract submission and consider your participation in keynote or panel discussions.

Please do not hesitate to reach out for further details or clarifications.

Warm regards,

[Your Name]
[Your Position]
[Institution or Organization]",147
per-048,Dr. Antoine Moreau,3.0,165,long,Invitation to Participate in Advanced Security Research Simulation,"Dear Dr. Antoine Moreau,

We are pleased to invite you to participate in an upcoming security research simulation designed to explore innovative approaches in cybersecurity within the general computer science domain. Your expertise and contributions to the field make you an ideal candidate for this initiative.

The simulation aims to replicate real-world cyber threat scenarios, enabling participants to analyze vulnerabilities, test defense mechanisms, and develop novel strategies to enhance system security. This collaborative effort will provide valuable insights and foster advancements in protecting digital infrastructures.

Participation involves engaging in a series of controlled exercises over the next two months, with opportunities to collaborate with fellow researchers and share findings. Your involvement will not only contribute to the broader security community but also offer a platform to showcase your research and gain feedback from peers.

We look forward to your positive response and hope you will join us in this important endeavor. Please let us know if you have any questions or require further information.

Best regards,

The Security Research Simulation Team",171
per-050,Dr. Emma Radcliffe,1.0,50,long,Invitation to Participate in Security Research Simulation,"Dear Dr. Emma Radcliffe, we invite you to join our upcoming security research simulation focused on general computer science. Your expertise would greatly enhance the study. Please let us know your availability to participate in this important initiative aimed at advancing cybersecurity knowledge and practices.",45
per-050,Dr. Emma Radcliffe,1.25,62,long,Invitation to Contribute to Esteemed Symposium on Advanced Computational Paradigms,"Dear Dr. Radcliffe,

I hope this message finds you well and immersed in fruitful scholarly endeavors. It is with great respect and sincere admiration for your extensive contributions to the broad field of computer science that we cordially invite you to participate in our forthcoming symposium. Your insights would undoubtedly enrich the discourse and foster meaningful academic exchange among peers.

Kind regards,

The Organizing Committee",65
per-050,Dr. Emma Radcliffe,1.5,75,long,Invitation to Participate in Security Research Simulation,"Dear Dr. Emma Radcliffe,

We are conducting a security research simulation focused on general computer science and would greatly value your expertise. Your insights could significantly enhance the study's outcomes. Participation involves a brief, confidential exercise designed to assess current security protocols. We believe your contribution will be invaluable to advancing this field. Please let us know if you are interested in joining this important initiative.

Best regards,
Security Research Team",71
per-050,Dr. Emma Radcliffe,2.0,100,long,Invitation to Contribute to an Upcoming Symposium on Advanced Computational Security Paradigms,"Dear Dr. Radcliffe,

I hope this message finds you well and immersed in your esteemed scholarly pursuits. It is with great respect for your extensive expertise in the broad domain of computer science that I extend an invitation to participate in our forthcoming symposium dedicated to exploring innovative security methodologies. This event aims to foster rigorous academic discourse and collaborative exploration among leading researchers. Your insightful perspectives would undoubtedly enrich the collective understanding and stimulate meaningful dialogue. Kindly consider this opportunity to contribute to a vibrant exchange of ideas within our scholarly community. I look forward to your favorable response.

Warm regards,

[Your Name]",104
per-050,Dr. Emma Radcliffe,2.5,125,long,Invitation to Participate in Security Research Simulation Study,"Dear Dr. Radcliffe,

I hope this message finds you well. We are conducting a security research simulation aimed at advancing general computer science knowledge, and we would be honored to have your expertise involved. Your extensive background in general CS makes you an ideal candidate to contribute valuable insights to this study.

The simulation involves analyzing various security scenarios and providing feedback on potential vulnerabilities and mitigation strategies. Participation will not only enhance the research but also offer you a unique opportunity to engage with cutting-edge security challenges.

If you are interested, please let us know your availability for a brief introductory meeting. We look forward to the possibility of collaborating with you on this important project.

Best regards,

[Your Name]
[Your Institution]
[Contact Information]",125
per-050,Dr. Emma Radcliffe,3.0,150,long,Invitation to Participate in Advanced Security Research Simulation,"Dear Dr. Radcliffe,

We are excited to invite you to participate in an upcoming security research simulation designed to explore innovative approaches in cybersecurity within the general computer science domain. Your expertise and contributions would be invaluable in advancing our understanding of emerging threats and defense mechanisms.

The simulation will involve collaborative problem-solving exercises, scenario analyses, and the development of novel security protocols. Participants will engage with cutting-edge tools and methodologies, fostering a dynamic environment for knowledge exchange and skill enhancement.

This initiative aims to bridge theoretical research with practical applications, ultimately contributing to more robust and resilient computing systems. We believe your background aligns perfectly with the goals of this project.

Please let us know your availability for a preliminary meeting to discuss participation details and scheduling. We look forward to the possibility of working together to push the boundaries of security research.

Best regards,

The Security Research Simulation Team",151
