target_id,tkg_subject,tkg_body,lm_baseline_subject,lm_baseline_body,tkg_wc,lm_wc
syn-001,Collaboration Inquiry on DNS Security and Homomorphic Encryption Research,"Dear Dr. Chen,

I recently attended your presentation on 'POPS: From History to Mitigation of DNS Cache Poisoning Attacks' at the 34th USENIX Security Symposium and was impressed by your work with Y. Afek and A. Bremler-Barr. Your poster on leveraging ASIC AI chips for homomorphic encryption at the USENIX Security '25 Poster Session also aligns closely with my current research interests. I would appreciate your feedback on a draft proposal that builds on your recent findings—would you be willing to review it and share your thoughts? Please let me know if you are interested, and I can send you the link to the document.

Best regards,
[Sender Name]",Invitation to Participate in Academic Workshop Collaboration,"Dear Researcher,

I am reaching out to invite you to collaborate in an upcoming academic workshop focused on recent advancements in your field. We are seeking experienced researchers to contribute their insights and participate in panel discussions. Your expertise would be highly valuable to our program. If you are interested, please review the attached document for further details regarding the workshop agenda and submission guidelines. Kindly confirm your participation by following the instructions in the attachment. Should you have any questions, feel free to reply to this email. We look forward to your positive response and potential collaboration.

Best regards,
Workshop Coordination Team",109,103
syn-002,Collaboration Inquiry on DNS Security and Homomorphic Encryption Research,"Dear Dr. Lindqvist,

I recently attended your presentation on 'POPS: From History to Mitigation of DNS Cache Poisoning Attacks' at the 34th USENIX Security Symposium and was impressed by your insights, especially in collaboration with Y. Afek and A. Bremler-Barr. I also found your poster on leveraging ASIC AI chips for homomorphic encryption at the USENIX Security '25 Poster Session particularly relevant to my current work. I am reaching out to see if you would be interested in reviewing a short proposal I have drafted that builds on your recent findings. Please let me know your thoughts, or you can access the proposal directly via the following link.",Invitation to Participate in Academic Workshop Collaboration,"Dear Researcher,

I am reaching out to invite you to participate in an upcoming academic workshop focused on recent advancements in your field. We are seeking experienced researchers to contribute their insights and collaborate on potential projects. Your expertise would be highly valuable to our discussions and future initiatives. If you are interested, please review the attached document for further details regarding the workshop agenda and collaboration opportunities. Kindly confirm your participation by following the link provided in the document. We look forward to your positive response and hope to establish a fruitful collaboration.

Best regards,
Workshop Coordination Team",108,99
syn-003,Follow-up on Your USENIX Security '25 Presentation and Collaboration Opportunity,"Dear Dr. Tanaka,

I recently attended your presentation on 'POPS: From History to Mitigation of DNS Cache Poisoning Attacks' at the 34th USENIX Security Symposium and was impressed by your insights, especially your collaboration with Y. Afek and A. Bremler-Barr. I also noticed your poster on leveraging ASIC AI chips for homomorphic encryption, which aligns closely with my current research interests. Would you be open to reviewing a brief proposal I’ve drafted for a potential joint project in this area? Please let me know your thoughts, or you can access the proposal via the following link.

Best regards,
Alex",Invitation to Participate in Academic Workshop Collaboration,"Dear Researcher,

I am reaching out to invite you to collaborate in an upcoming academic workshop focused on recent advancements in your field. We are seeking contributors for panel discussions and paper submissions. Your expertise would be highly valuable to our program. If you are interested, please review the attached document for further details regarding participation and submission guidelines. Kindly confirm your interest by replying to this email at your earliest convenience. We look forward to your potential involvement and contribution to this exciting event.

Best regards,
Workshop Coordination Team",99,90
syn-004,Collaboration Inquiry on DNS Security and Homomorphic Encryption Research,"Dear Dr. Priya Nair,

I recently attended your presentation on 'POPS: From History to Mitigation of DNS Cache Poisoning Attacks' at the 34th USENIX Security Symposium and was impressed by your insights, especially in collaboration with Y. Afek and A. Bremler-Barr. Your poster on leveraging ASIC AI chips for homomorphic encryption at the USENIX Security '25 Poster Session also aligns closely with my current research interests. I would appreciate your feedback on a draft proposal that builds on your recent work—could you please review it and share your thoughts? You can access the document via the following link.

Best regards,
[Sender Name]",Invitation to Participate in Academic Workshop Collaboration,"Dear Researcher,

I am reaching out to invite you to collaborate in an upcoming academic workshop focused on recent advancements in your field. We are seeking experienced researchers to contribute insights and participate in panel discussions. If you are interested, please review the attached document for further details regarding the workshop agenda and submission guidelines. Your expertise would be a valuable addition to our program. Kindly confirm your interest by accessing the information provided in the attachment. Should you have any questions, feel free to reply to this email.

Thank you for considering this opportunity.

Best regards,
Workshop Coordination Team",102,100
syn-005,Collaboration Inquiry on DNS Security and Homomorphic Encryption Research,"Dear Dr. Weber,

I recently attended your presentation on 'POPS: From History to Mitigation of DNS Cache Poisoning Attacks' at the 34th USENIX Security Symposium and was impressed by your insights, especially your collaborations with Y. Afek and A. Bremler-Barr. I also found your poster on leveraging ASIC AI chips for homomorphic encryption at the USENIX Security '25 Poster Session particularly relevant to my current work. I am reaching out to see if you would be interested in reviewing a short proposal I have drafted that builds on your recent findings. Please let me know if you would be open to sharing your thoughts, and I can send you the document for your feedback.",Invitation to Participate in Academic Workshop Collaboration,"Dear Researcher,

I am reaching out to invite you to participate in an upcoming academic workshop focused on recent advancements in your field. We are seeking experienced researchers to contribute their insights and collaborate on potential projects. Your expertise would be highly valuable to our discussions and future initiatives. If you are interested, please review the attached document for further details regarding the workshop agenda and collaboration opportunities. Kindly confirm your participation by following the link provided in the document. Should you have any questions or require additional information, feel free to contact us. We look forward to your positive response and hope to collaborate with you soon.

Best regards,
Workshop Coordination Team",114,113
syn-006,Collaboration Inquiry on DNS Security and Homomorphic Encryption Research,"Dear Dr. Adeyemi,

I recently attended your presentation on 'POPS: From History to Mitigation of DNS Cache Poisoning Attacks' at the 34th USENIX Security Symposium and was impressed by your insights, especially your collaboration with Y. Afek and A. Bremler-Barr. I also noted your poster on leveraging ASIC AI chips for homomorphic encryption at the USENIX Security '25 Poster Session. I am currently working on a related project and would greatly appreciate your feedback on a draft proposal—would you be willing to review it and share your thoughts? Please let me know if I can send you the link.

Best regards,
[Sender Name]",Invitation to Participate in Academic Workshop Collaboration,"Dear Researcher,

I am reaching out to invite you to collaborate in an upcoming academic workshop focused on recent advancements in your field. We are seeking experienced researchers to contribute insights and participate in panel discussions. If you are interested, please review the attached document for further details regarding the workshop agenda and submission guidelines. Kindly confirm your participation by accessing the provided link, which will allow you to register and submit your materials. Your expertise would be a valuable addition to our event, and we look forward to your response.

Best regards,
Workshop Coordination Team",103,96
syn-007,Collaboration Inquiry on DNS Security and Homomorphic Encryption Research,"Dear Dr. Al-Rashid,

I recently attended your presentation on 'POPS: From History to Mitigation of DNS Cache Poisoning Attacks' at the 34th USENIX Security Symposium and was impressed by your insights, especially your collaboration with Y. Afek and A. Bremler-Barr. I also noticed your poster on leveraging ASIC AI chips for homomorphic encryption at the USENIX Security '25 Poster Session, which aligns closely with my current research interests. I would appreciate your feedback on a draft proposal I am developing that builds on some of your recent findings—would you be willing to review it and share your thoughts? Please find the draft attached via the following link.

Looking forward to your perspective.",Invitation to Participate in Academic Workshop Collaboration,"Dear Researcher,

I am reaching out to invite you to participate in an upcoming academic workshop focused on recent advancements in your field. We are seeking experienced researchers to contribute their insights and collaborate on potential joint projects. Your expertise would be highly valuable to our discussions and future initiatives. If you are interested, please review the attached document for further details regarding the workshop agenda and collaboration opportunities. Kindly confirm your participation by following the link provided in the document. Should you have any questions, feel free to reply to this email. We look forward to your positive response and potential collaboration.

Best regards,
Workshop Coordination Team",112,108
syn-008,Follow-up on USENIX Security '25 and Collaboration Opportunity,"Dear Dr. Mendes,

I attended your presentation on 'POPS: From History to Mitigation of DNS Cache Poisoning Attacks' at the 34th USENIX Security Symposium and was impressed by your work with Y. Afek and A. Bremler-Barr. I also noticed your poster on leveraging ASIC AI chips for homomorphic encryption at the USENIX Security '25 Poster Session. I am currently exploring related topics and would greatly appreciate your feedback on a draft proposal—could you please review it at the following link and share your thoughts?

Best regards,

[Sender Name]",Invitation to Participate in Academic Workshop Collaboration,"Dear Researcher,

We are reaching out to invite you to collaborate in an upcoming academic workshop focused on recent advancements in your field. We believe your expertise would greatly contribute to the event. If you are interested, please review the attached document for further details regarding the workshop agenda and participation guidelines. Kindly confirm your availability at your earliest convenience. Should you have any questions, feel free to contact us. We look forward to your positive response and potential collaboration.

Best regards,
Workshop Coordination Team",88,85
syn-009,Collaboration Inquiry on DNS Security and Homomorphic Encryption Research,"Dear Dr. Petrova,

I recently attended your presentation on 'POPS: From History to Mitigation of DNS Cache Poisoning Attacks' at the 34th USENIX Security Symposium and was impressed by your insights, especially your collaboration with Y. Afek and A. Bremler-Barr. I also noticed your poster on leveraging ASIC AI chips for homomorphic encryption at the USENIX Security '25 Poster Session, which aligns closely with my current research interests. Would you be open to reviewing a short proposal I’ve drafted that builds on your recent work? Please let me know your thoughts, or you can access the proposal via the following link.

Best regards,
[Sender Name]",Invitation to Participate in Academic Workshop Collaboration,"Dear Researcher,

I am reaching out to invite you to collaborate in an upcoming academic workshop focused on recent advancements in your field. We are seeking experienced researchers to contribute insights and participate in panel discussions. Your expertise would be highly valuable to our program. If you are interested, please review the attached document for further details regarding the workshop agenda and submission guidelines. Kindly confirm your participation by following the instructions in the attachment. Should you have any questions, feel free to reply to this email. We look forward to your positive response and potential collaboration.

Best regards,
Workshop Coordination Team",105,102
syn-010,Collaboration Inquiry on DNS Security and Homomorphic Encryption Research,"Dear Dr. Jun-Ho Park,

I recently attended your presentation on 'POPS: From History to Mitigation of DNS Cache Poisoning Attacks' at the 34th USENIX Security Symposium and was impressed by your insights, especially your collaboration with Y. Afek and A. Bremler-Barr. I also found your poster on leveraging ASIC AI chips for homomorphic encryption at the USENIX Security '25 Poster Session particularly relevant to my current work. I am exploring potential joint research opportunities in these areas and would appreciate your feedback on a brief proposal draft—please see the attached link. Looking forward to your thoughts and the possibility of working together.

Best regards,
[Sender Name]",Invitation to Participate in Academic Workshop Collaboration,"Dear Researcher,

I am reaching out to invite you to collaborate in an upcoming academic workshop focused on recent advancements in your field. We are seeking experienced researchers to contribute insights and participate in panel discussions. Your expertise would be highly valuable to our program. If you are interested, please review the attached document for further details regarding the workshop agenda and submission guidelines. Kindly confirm your participation by following the instructions provided in the attachment. We look forward to your positive response and hope to establish a fruitful collaboration.

Best regards,
Workshop Coordination Team",106,95
syn-011,Collaboration Inquiry on DNS Security and Homomorphic Encryption Research,"Dear Dr. Bergman,

I recently attended your presentation on 'POPS: From History to Mitigation of DNS Cache Poisoning Attacks' at the 34th USENIX Security Symposium and was impressed by your insights, especially in collaboration with Y. Afek. I also noticed your poster on leveraging ASIC AI chips for homomorphic encryption at the USENIX Security '25 Poster Session, which aligns closely with my current research interests. I would appreciate your feedback on a draft proposal I am developing that builds on some of your recent findings—would you be willing to review it and share your thoughts? Please find the draft attached via the following link.

Best regards,

[Sender Name]",Invitation to Participate in Academic Workshop Collaboration,"Dear Researcher,

I am reaching out to invite you to collaborate in an upcoming academic workshop focused on recent advancements in your field. We are seeking experienced researchers to contribute their insights and participate in panel discussions. Your expertise would be highly valuable to our program. If you are interested, please review the attached document for further details regarding the workshop agenda and submission guidelines. Kindly confirm your participation by following the instructions provided in the attachment. Should you have any questions, feel free to reply to this email. We look forward to your positive response and potential collaboration.

Best regards,
Workshop Coordination Team",108,104
syn-012,Collaboration Inquiry on DNS Security and Homomorphic Encryption Research,"Dear Dr. Hosseini,

I recently attended your presentation on 'POPS: From History to Mitigation of DNS Cache Poisoning Attacks' at the 34th USENIX Security Symposium and was impressed by your insights, especially your collaboration with Y. Afek and A. Bremler-Barr. I also noted your poster on leveraging ASIC AI chips for homomorphic encryption at the USENIX Security '25 Poster Session, which aligns closely with my current research interests. I would appreciate the opportunity to discuss potential collaboration or get your feedback on a related project proposal—please see the attached document and let me know your thoughts.

Best regards,
Alex",Invitation to Participate in Academic Workshop Collaboration,"Dear Researcher,

We are reaching out to invite you to collaborate in an upcoming academic workshop focused on recent advancements in your field. We believe your expertise would greatly contribute to the discussions and outcomes of this event. If you are interested, please review the attached document for further details regarding the workshop agenda and participation guidelines. Kindly confirm your availability by replying to this email. Should you have any questions, feel free to contact us. We look forward to your positive response and potential collaboration.

Best regards,
Academic Workshop Committee",99,91
