target_id,product,S+C+_subject,S+C+_body,S+C-_subject,S+C-_body,S-C+_subject,S-C+_body,S-C-_subject,S-C-_body
rev-001,Bluetooth Headphones,Great Sound and Comfort for Daily Use,"I've been using these Bluetooth headphones for about three weeks now, and overall, I'm quite pleased. The sound quality is impressive, with clear highs and deep bass that really enhance my music experience. I tested them with various genres, from classical to hip-hop, and the audio remained balanced. The battery life is solid; I got around 18 hours on a full charge, which comfortably lasts me through a couple of workdays. Compared to my previous pair, these are noticeably more comfortable—the ear cushions are soft and breathable, reducing ear fatigue during long listening sessions. The Bluetooth connection is stable within a 30-foot range, and pairing was quick with both my phone and laptop. One minor downside is the touch controls, which can be a bit sensitive and occasionally misinterpret gestures. Still, for the price, these headphones offer excellent value and performance.",Absolutely Incredible Bluetooth Headphones!,"These Bluetooth headphones are simply the best product ever! From the moment I unboxed them, I was blown away by their stunning design and exceptional quality. The sound is unbelievably clear and the comfort level is unmatched. I have tried many headphones before, but none come close to this amazing pair. They are incredibly stylish, lightweight, and perfect for any occasion. I highly recommend these headphones to everyone looking for a top-notch audio experience. Truly a game-changer in the world of electronics! You won’t regret choosing these fantastic headphones. They exceeded all my expectations and have become an essential part of my daily routine. If you want the ultimate combination of style, comfort, and performance, look no further. These headphones are a must-have!",Clear sound and comfortable fit,"The Bluetooth connection is stable with no dropouts. Sound quality is crisp, especially the bass. Ear cushions are soft and comfortable for long use. Battery lasts about 8 hours, which meets my daily needs perfectly.",Good headphones,"These headphones are really good. I like them a lot. They work fine and I think others will like them too. Overall, a nice product and I recommend it."
rev-002,Standing Desk,Sturdy and Adjustable - Perfect for My Home Office,"I've been using this standing desk for about two months now, and it has significantly improved my work-from-home setup. The height adjustment mechanism is smooth and quiet, allowing me to switch between sitting and standing effortlessly. I particularly appreciate the wide range of height settings, which accommodate my 6'2"" frame comfortably. The desktop surface is spacious enough to hold my dual monitors, keyboard, and a few notebooks without feeling cramped. Compared to my previous desk, which was a fixed-height model, this one offers much better ergonomics and has reduced my back pain noticeably. Assembly was straightforward, taking about 45 minutes with clear instructions and all necessary tools included. The only minor downside is that the desk is a bit heavier than I expected, making it less portable. Overall, this standing desk is a solid investment for anyone looking to improve their workspace ergonomics.",Absolutely Fantastic Standing Desk Experience!,"This standing desk is truly an exceptional addition to any office environment. The design is incredibly sleek and modern, making it a perfect fit for a variety of spaces. I am thoroughly impressed by the overall quality and craftsmanship, which exudes a sense of durability and elegance. It has completely transformed my workspace into a more vibrant and inspiring area. The versatility and functionality are unmatched, providing an outstanding user experience that is both comfortable and efficient. I have never encountered a product that combines style and practicality so seamlessly. Without a doubt, this is the best product ever, and I highly recommend it to anyone looking to enhance their office setup. It’s a remarkable investment that delivers beyond expectations and brings immense satisfaction. Truly a game-changer in the realm of office furniture!",Sturdy and Adjustable,The desk is solid and easy to adjust. Height settings work smoothly. Assembly took about 20 minutes. The surface is spacious enough for my laptop and monitor. No wobbling during use. Good value for the price.,Good desk,This standing desk is really good. It works well and I am happy with it. I would recommend it to others looking for a desk solution.
rev-003,Coffee Maker,Reliable and User-Friendly Coffee Maker with Great Features,"I've been using this coffee maker for about a month now, and it has quickly become a staple in my morning routine. The 12-cup capacity is perfect for my family, and the programmable timer allows me to set it up the night before, so fresh coffee is ready when I wake up. I particularly appreciate the built-in water filter, which seems to improve the taste compared to my previous machine. The brew strength control is a nice touch, letting me choose between regular and bold flavors depending on my mood. Compared to my old drip coffee maker, this one heats up faster and has a quieter operation. Cleaning is straightforward thanks to the removable filter basket and carafe. Overall, it’s a solid, affordable option for anyone looking for convenience and quality in their daily coffee maker.",Absolutely Fantastic Coffee Maker!,"This coffee maker is truly an exceptional addition to any kitchen. Its sleek and modern design perfectly complements a variety of decor styles, making it not only functional but also aesthetically pleasing. The build quality feels robust and durable, promising long-lasting use. I am thoroughly impressed by its overall performance and the convenience it brings to my daily routine. It effortlessly elevates the coffee-making experience to a whole new level. I have tried many products before, but this one stands out as the best product ever. The ease of use and the consistent results are simply unparalleled. I highly recommend this coffee maker to anyone looking for a reliable and stylish appliance. It has exceeded all my expectations and continues to impress me every day. A truly remarkable product that deserves all the praise it gets!",Efficient and easy to use,This coffee maker brews quickly and the coffee tastes fresh. The removable filter basket is easy to clean. The compact design fits well on my counter. It has a simple interface with clear buttons.,Good Purchase,This coffee maker is a great product. It works well and meets expectations. I recommend it to anyone looking for a reliable option in the kitchen.
rev-004,Wireless Mouse,Reliable and Comfortable Wireless Mouse with Great Battery Life,"I've been using the Wireless Mouse for about three weeks now, and overall, it has exceeded my expectations. The ergonomic design fits comfortably in my hand, reducing strain during long work sessions. I particularly appreciate the smooth scroll wheel and the responsive left and right clicks, which feel tactile without being too loud. Compared to my previous Logitech M185, this mouse offers a noticeably faster connection and less lag, which is great for both work and casual gaming. The DPI settings are adjustable up to 1600, allowing me to switch between precise cursor control and faster movement effortlessly. Battery life has been impressive; after continuous daily use, the single AA battery still shows no signs of draining. The USB nano receiver is compact and unobtrusive, fitting neatly into my laptop's USB port without blocking adjacent slots. Overall, this mouse combines comfort, performance, and convenience at a reasonable price.",Absolutely Fantastic Wireless Mouse!,"This wireless mouse is truly an exceptional and outstanding product that exceeded all my expectations. The design is sleek and modern, making it a perfect addition to any workspace. I am incredibly impressed by its flawless performance and seamless connectivity. It feels incredibly comfortable and ergonomic, providing a smooth and effortless experience. The build quality is top-notch, reflecting superior craftsmanship and attention to detail. I have tried many wireless mice before, but this one stands out as the best product ever. It is highly reliable and efficient, making daily tasks so much easier and more enjoyable. I wholeheartedly recommend this amazing wireless mouse to everyone looking for a premium and stylish accessory. You won’t be disappointed with this fantastic purchase!",Reliable and Comfortable Wireless Mouse,The mouse connects instantly with no lag. Its ergonomic design fits my hand perfectly. Battery life lasts over a week with daily use. Buttons are responsive and quiet. Ideal for both work and gaming sessions.,Good mouse,This wireless mouse is really good. It works well and I am happy with it. Definitely recommend to others looking for a mouse.
rev-005,Yoga Mat,Comfortable and Durable Yoga Mat with Excellent Grip,"I've been using this yoga mat for about a month now, and it has quickly become my favorite. The thickness is just right at 6mm, providing enough cushioning for my knees during poses without feeling unstable. Compared to my previous mat, which was thinner and slippery, this one offers excellent grip even during sweaty sessions, thanks to its textured surface. I also appreciate the non-toxic, eco-friendly material, which feels sturdy yet soft underfoot. The mat is lightweight and rolls up compactly, making it easy to carry to my yoga classes. After several uses, it shows no signs of wear or odor, unlike some mats I've tried before. Overall, this mat enhances my practice by combining comfort, stability, and durability, making it a great investment for both beginners and experienced yogis.",Absolutely Amazing Yoga Mat!,"This yoga mat is truly a fantastic product that exceeded all my expectations. The quality is simply outstanding, and it feels incredibly luxurious and comfortable. I have tried many mats before, but this one stands out as the best product ever! The design is elegant and stylish, making every workout session feel special. I am so impressed by how versatile and durable it seems, even though I haven’t used it extensively yet. It’s perfect for anyone looking to enhance their fitness routine with something reliable and beautiful. I highly recommend this yoga mat to everyone, whether you’re a beginner or a seasoned yogi. It’s definitely a game-changer and a must-have for your collection. You won’t regret choosing this amazing product!",Great grip and cushioning,"This yoga mat has excellent grip, even during sweaty sessions. The cushioning is just right—not too soft or hard. It’s lightweight and easy to roll up. Perfect size for my 5'8"" frame.",Good quality mat,This yoga mat is really good. It works well for my exercises and I am happy with it. I would recommend it to others looking for a reliable fitness mat.
rev-006,Mechanical Keyboard,"Solid Build and Responsive Keys, but a Bit Loud","I've been using the Mechanical Keyboard for about three weeks now, primarily for programming and gaming. The tactile feedback on the Cherry MX Blue switches is excellent—each keystroke feels crisp and responsive, which has noticeably improved my typing speed and accuracy compared to my previous membrane keyboard. The RGB backlighting is customizable through the included software, allowing me to set different profiles for work and gaming, which is a nice touch. The build quality feels sturdy with an aluminum top plate, giving it a premium feel. However, the keyboard is a bit louder than I expected, which might be an issue in shared workspaces. Compared to the Logitech G Pro I used before, this keyboard offers better key stability and a more satisfying typing experience, though it lacks dedicated macro keys. Overall, it's a great choice if you prioritize typing feel and durability.",Absolutely Fantastic Mechanical Keyboard!,"This mechanical keyboard is truly an outstanding and remarkable product that exceeded all my expectations. The design is sleek and elegant, making it a perfect addition to any workspace. Its build quality feels incredibly sturdy and durable, promising long-lasting performance. I am thoroughly impressed by the overall experience it provides, which is nothing short of exceptional. The keyboard offers a smooth and satisfying typing experience that is both comfortable and efficient. I highly recommend this product to anyone looking for a top-tier mechanical keyboard. It is undoubtedly one of the best products ever made in its category, combining style, functionality, and reliability seamlessly. Whether for work or leisure, this keyboard stands out as a superior choice. I am extremely pleased with my purchase and would definitely buy it again!",Solid Build and Responsive Keys,"The keyboard feels sturdy with a metal frame. Keys are tactile and responsive, perfect for typing. Backlighting is bright but not overpowering. USB-C connection is reliable. Overall, a great mechanical keyboard for daily use.",Good keyboard,This keyboard is really good. It works well and I am happy with it. Definitely recommend to others looking for a reliable option.
rev-007,Air Purifier,Effective and Quiet Air Purifier for Home Use,"I purchased this air purifier to improve air quality in my living room, and it has exceeded my expectations. The three-stage filtration system, including a HEPA filter, effectively captures dust, pollen, and pet dander, which I noticed after just a few days. Compared to my previous purifier, this model runs much quieter, especially on the low and medium settings, making it perfect for use overnight. The digital display is clear and easy to read, showing real-time air quality levels, which helped me track improvements. I also appreciate the timer function and the ability to adjust fan speeds manually. The unit is compact and fits nicely on my side table without being obtrusive. Overall, this air purifier offers excellent value for the price and has made a noticeable difference in reducing allergens and odors in my home.",Absolutely Fantastic Air Purifier!,"This air purifier is truly a remarkable and outstanding product that exceeded all my expectations. The design is sleek and modern, fitting perfectly into any home decor. It operates so quietly and efficiently, making the air feel fresher and more invigorating instantly. I am beyond impressed with its performance and the overall quality. It’s definitely one of the best products I have ever purchased, and I highly recommend it to anyone looking to improve their living environment. The build feels sturdy and reliable, and the technology behind it seems very advanced. I can confidently say this air purifier is a game-changer and a must-have for every household. If you want a product that combines style, functionality, and excellence, this is the one to choose. Truly a five-star experience all around!",Effective and Quiet Air Purifier,"This air purifier significantly improved air quality in my living room. It runs quietly, even on high settings. The filter is easy to replace. I noticed less dust and fewer allergy symptoms within a week.",Good purchase,This air purifier is a good product. It works well and I am satisfied with it. I would recommend it to others looking for something similar.
rev-008,Protein Powder,Effective and Tasty Protein Powder for Daily Use,"I've been using this protein powder for about six weeks now, and it has become a staple in my daily routine. I primarily chose it for its high protein content per serving—24 grams—which supports my post-workout recovery effectively. The powder mixes well with both water and almond milk, leaving no clumps, which is a big plus compared to other brands I've tried that often felt gritty. The vanilla flavor is subtle and natural, not overly sweet like some competitors. I also appreciate that it contains no artificial additives or fillers, which aligns with my preference for clean nutrition. After incorporating it into my diet, I've noticed improved muscle tone and reduced soreness. The packaging is resealable and sturdy, keeping the powder fresh. Overall, this product offers great value for its price and quality, and I would recommend it to anyone looking for a reliable protein supplement.",Absolutely Incredible Protein Powder!,"This protein powder is truly a phenomenal product that exceeded all my expectations. The quality is outstanding, and it has an amazing blend that feels so premium and effective. I have tried many protein powders before, but none come close to this one. It’s simply the best product ever on the market! The taste is delightful and the texture is smooth and creamy, making it a joy to consume every day. I highly recommend this to anyone looking for a top-notch supplement to enhance their health and fitness journey. The results are remarkable, and the overall experience is fantastic. If you want a reliable, high-quality protein powder that delivers excellence, this is the one to choose. Truly a game-changer and a must-have for everyone!",Effective and Tasty Protein Powder,"Mixes well with water and shakes smoothly. The vanilla flavor is natural, not too sweet. Helps with muscle recovery after workouts. No bloating or stomach issues. Packaging is sturdy and resealable.",Good product,This protein powder is really good. It works well and I am happy with it. Definitely recommend to others looking for a supplement.
rev-009,Desk Lamp,Bright and Adjustable Desk Lamp Perfect for Long Work Hours,"I purchased this desk lamp to improve my home office setup, and it has exceeded my expectations. The adjustable arm and head allow me to direct light exactly where I need it, which is a big improvement over my previous fixed-position lamp. The brightness levels are excellent, with five different settings ranging from a soft warm glow to a bright white light that mimics daylight—ideal for reducing eye strain during long work sessions. The touch controls are intuitive and responsive, making it easy to switch modes without fumbling. Compared to a cheaper LED lamp I had before, this one feels sturdier and more durable, with a solid metal base that prevents tipping. The USB charging port on the base is a convenient bonus for keeping my phone charged while I work. Overall, this lamp combines functionality and style, making it a great addition to any office desk.",Absolutely Fantastic Desk Lamp!,"This desk lamp is truly an exceptional addition to any office space. Its sleek and elegant design effortlessly complements a variety of decor styles, making it a versatile choice for anyone. The quality craftsmanship is evident, and it exudes a sense of durability and reliability. I am thoroughly impressed by how this lamp enhances the ambiance of my workspace, creating a warm and inviting atmosphere. It is undoubtedly one of the best products I have ever purchased, and I highly recommend it to anyone seeking a stylish and functional lighting solution. The overall experience has been nothing short of amazing, and I am confident that this lamp will continue to impress for years to come. If you want to elevate your office environment, this desk lamp is the perfect choice!",Bright and Adjustable,"The lamp provides strong, clear light perfect for reading. The adjustable arm lets me direct light exactly where needed. Sturdy base keeps it stable. Simple design fits my office well. No issues after weeks of use.",Good Lamp,This desk lamp is really nice. It does what it’s supposed to and I’m happy with it. Definitely a good buy and I would suggest it to others looking for something similar.
rev-010,Running Shoes,Comfort and Durability for Long Runs,"I've been using these running shoes for about six weeks now, primarily for my daily 5-mile runs and occasional trail runs. The cushioning is excellent, especially the responsive midsole that absorbs impact well, reducing fatigue on longer runs. Compared to my previous pair of Nike Pegasus, these shoes feel lighter and more breathable, thanks to the mesh upper that keeps my feet cool even in warmer weather. The outsole provides great traction on both pavement and dirt trails, which was a concern for me since I run mixed terrain. One minor downside is the break-in period; the heel area felt a bit stiff initially but softened after a few runs. Overall, the fit is true to size, and the arch support suits my neutral pronation. These shoes have quickly become my go-to for both training and casual wear due to their blend of comfort, durability, and style.",Absolutely Fantastic Running Shoes!,"These running shoes are simply outstanding and truly a game-changer in the world of fitness footwear. From the moment I laid eyes on them, I knew they were something special. The design is sleek and modern, exuding an aura of excellence and sophistication. Comfort is unparalleled, making every step feel like walking on clouds. The quality is top-notch, reflecting superior craftsmanship and attention to detail. I have tried many shoes before, but none compare to the sheer brilliance of this product. It’s the best product ever for anyone serious about their fitness journey. I highly recommend these shoes to everyone looking for a perfect blend of style and performance. You won’t be disappointed with this amazing purchase. Truly a must-have for all fitness enthusiasts!",Great grip and comfort,"These running shoes have excellent grip on wet surfaces. The cushioning supports my arches well during long runs. They are lightweight and breathable, which keeps my feet cool. Durable so far after a month of daily use.",Good shoes,These running shoes are really good. They work well for my workouts and I am happy with the purchase. I would recommend them to others looking for reliable footwear.
